,dt,open,close,high,low,vol,turnover,ts,icon_1,icon_2,icon_11,icon_12,icon_13,icon_41,icon_34,icon_35,icon_38,icon_39,jw1,jw5,atr5,jw30,baijiao
0,2024-02-16 22:31:00,433.555,433.335,435.995,433.035,1932115,841276224.0,1708093860,,,,,,,,,,,80.96379554828349,69.40896954428297,0.4804999999999942,70.89379646728713,51.4394170260263
1,2024-02-16 22:32:00,433.385,433.005,433.385,433.005,170966,74294848.0,1708093920,,,,,,,,,,,72.23436442524353,69.40896954428297,0.4804999999999942,70.89379646728713,7.802812735744477
2,2024-02-16 22:33:00,432.965,432.675,433.015,432.675,192348,83551040.0,1708093980,,,,,,,,,,,62.73880434713085,69.40896954428297,0.4804999999999942,70.89379646728713,-41.4744876242669
3,2024-02-16 22:34:00,432.655,432.865,432.865,432.603,283732,123163968.0,1708094040,,,,,,,,,,,55.2014699385693,69.40896954428297,0.4804999999999942,70.89379646728713,-61.64460026252038
4,2024-02-16 22:35:00,433.025,433.085,433.165,433.025,131030,56911872.0,1708094100,,,,,,,,,,,49.57702307474851,62.123451716004894,0.7056428571428545,70.89379646728713,-66.33472311821244
5,2024-02-16 22:36:00,433.115,433.11,433.225,433.085,198910,86419840.0,1708094160,,,,,,,,,,,44.68642087507243,62.123451716004894,0.7056428571428545,70.89379646728713,-66.69966701341572
6,2024-02-16 22:37:00,433.075,433.335,433.365,433.075,222582,96714880.0,1708094220,,,,,,,,,,,41.46824852312396,62.123451716004894,0.7056428571428545,70.89379646728713,-66.50625592223919
7,2024-02-16 22:38:00,433.325,433.375,433.484,433.285,129324,56221440.0,1708094280,,,,,,,,,,,38.814772343910874,62.123451716004894,0.7056428571428545,70.89379646728713,-63.67134182846813
8,2024-02-16 22:39:00,433.305,433.085,433.305,433.085,82557,35874688.0,1708094340,,,,,,,,,,,35.00566506493094,62.123451716004894,0.7056428571428545,70.89379646728713,-60.49256348138753
9,2024-02-16 22:40:00,433.075,432.835,433.105,432.835,113155,49139456.0,1708094400,,,,,,,,,,,30.157152385859007,54.539946605950604,0.7155714285714266,70.89379646728713,-62.27480051758425
10,2024-02-16 22:41:00,432.885,432.729,432.885,432.625,126229,54788736.0,1708094460,,,,,,,,,,,24.536303600420254,54.539946605950604,0.7155714285714266,70.89379646728713,-66.11788825397872
11,2024-02-16 22:42:00,432.575,433.065,433.065,432.575,135651,58890112.0,1708094520,,,,,,,,,,,21.189674545304456,54.539946605950604,0.7155714285714266,70.89379646728713,-68.96513898188704
12,2024-02-16 22:43:00,432.878,432.875,433.055,432.795,121096,52580736.0,1708094580,,,,,,,,,,,17.227112050122273,54.539946605950604,0.7155714285714266,70.89379646728713,-67.43870262847378
13,2024-02-16 22:44:00,432.975,432.755,432.975,432.755,108248,46991360.0,1708094640,,,,,,,,,,,13.100666416249354,54.539946605950604,0.7155714285714266,70.89379646728713,-68.0946047118393
14,2024-02-16 22:45:00,432.715,432.45,432.715,432.417,114397,49630080.0,1708094700,,,,,,,,,,,8.090588744322275,46.10762354409579,0.7372857142857144,70.89379646728713,-69.47089537073518
15,2024-02-16 22:46:00,432.535,432.654,432.675,432.535,96597,41914624.0,1708094760,,,,,,,,,,,4.7840171314813915,46.10762354409579,0.7372857142857144,70.89379646728713,-72.48838847468727
16,2024-02-16 22:47:00,432.775,432.45,432.775,432.45,103268,44805888.0,1708094820,,,,,,,,,,,0.822180964134759,46.10762354409579,0.7372857142857144,70.89379646728713,-72.74682237028827
17,2024-02-16 22:48:00,432.335,432.515,432.545,432.335,92168,39981568.0,1708094880,,,,,,,,,,,-1.8649451885544863,46.10762354409579,0.7372857142857144,70.89379646728713,-74.12523154385008
18,2024-02-16 22:49:00,432.555,432.205,432.555,432.205,72010,31233152.0,1708094940,,,,,,,,,,,-5.115474778722131,46.10762354409579,0.7372857142857144,70.89379646728713,-74.52217303774822
19,2024-02-16 22:50:00,432.205,432.095,432.205,432.015,133829,58015616.0,1708095000,,,,,,,,,,,-7.540168841344709,37.06646972038797,0.7587142857142867,70.89379646728713,-76.35912505071946
20,2024-02-16 22:51:00,432.035,431.545,432.035,431.455,232222,100564736.0,1708095060,,,,,,,,,,,-9.615189673507146,37.06646972038797,0.7587142857142867,70.89379646728713,-77.05469844117323
21,2024-02-16 22:52:00,431.515,431.3,431.585,431.3,219609,95064704.0,1708095120,,,,,,,,,,,-11.75007325272776,37.06646972038797,0.7587142857142867,70.89379646728713,-77.48462638264007
22,2024-02-16 22:53:00,431.225,430.845,431.225,430.845,204892,88613888.0,1708095180,,,,,,,,,,,-13.557571511725598,37.06646972038797,0.7587142857142867,70.89379646728713,-78.07191477560504
23,2024-02-16 22:54:00,430.914,430.795,430.914,430.775,185756,80295424.0,1708095240,,,,,,,,,,,-14.99862480713172,37.06646972038797,0.7587142857142867,70.89379646728713,-78.44866767183254
24,2024-02-16 22:55:00,430.705,429.875,430.705,429.875,343023,148096512.0,1708095300,,,,,,,,,,,-16.258801585422788,27.211065487052565,0.8845714285714296,70.89379646728713,-78.63741755728918
25,2024-02-16 22:56:00,429.625,429.665,429.665,429.545,338533,145869312.0,1708095360,,,,,,,,,,,-16.928738683021102,27.211065487052565,0.8845714285714296,70.89379646728713,-78.8246958194791
26,2024-02-16 22:57:00,429.935,429.965,430.076,429.935,249354,107554304.0,1708095420,,,,,,,,,,,-16.53993187115443,27.211065487052565,0.8845714285714296,70.89379646728713,-78.63491477822723
27,2024-02-16 22:58:00,430.065,429.79,430.065,429.79,164204,70794240.0,1708095480,1.0,,,,,,,,,,-16.61730507898838,27.211065487052565,0.8845714285714296,70.89379646728713,-77.52719803347445
28,2024-02-16 22:59:00,429.825,429.565,429.825,429.425,253176,109084928.0,1708095540,,,,,,,,,,,-16.9126566899267,27.211065487052565,0.8845714285714296,70.89379646728713,-77.23729737949726
29,2024-02-16 23:00:00,429.735,429.875,429.875,429.735,186322,80310528.0,1708095600,,,,,,,,,,,-16.183560814387832,19.81395549916101,0.8996428571428591,68.78178821191278,-77.41094003738527
30,2024-02-16 23:01:00,428.845,429.375,429.375,428.765,731132,314657024.0,1708095660,,,,,,,,,,,-15.142631775323373,19.81395549916101,0.8996428571428591,68.78178821191278,-76.17373605185654
31,2024-02-16 23:02:00,429.125,428.845,429.265,428.805,287119,123556096.0,1708095720,,,,,,,,,,,-15.532021078896022,19.81395549916101,0.8996428571428591,68.78178821191278,-74.44484168490926
32,2024-02-16 23:03:00,428.995,428.975,429.035,428.955,275538,118564608.0,1708095780,,,,,,,,,,,-15.453643505148577,19.81395549916101,0.8996428571428591,68.78178821191278,-75.94344411649102
33,2024-02-16 23:04:00,429.285,429.225,429.285,429.195,193370,83256320.0,1708095840,,,,,,,,,,,-14.642949093131818,19.81395549916101,0.8996428571428591,68.78178821191278,-76.19765452484725
34,2024-02-16 23:05:00,429.345,429.335,429.405,429.205,108254,46616320.0,1708095900,,,,,,,,,,,-13.55262337662721,13.510335069716461,0.9353571428571448,68.78178821191278,-74.96741226747662
35,2024-02-16 23:06:00,429.425,429.555,429.555,429.272,143946,61995264.0,1708095960,,,,,,,,,,,-11.926027874332775,13.510335069716461,0.9353571428571448,68.78178821191278,-73.0557828049314
36,2024-02-16 23:07:00,429.295,429.335,429.343,429.015,173849,74832128.0,1708096020,,,,,,,,,,,-10.989042390439913,13.510335069716461,0.9353571428571448,68.78178821191278,-68.86503843995881
37,2024-02-16 23:08:00,429.385,429.325,429.405,429.325,131668,56704256.0,1708096080,,,,,,,,,,,-10.115377619579114,13.510335069716461,0.9353571428571448,68.78178821191278,-67.88308155449994
38,2024-02-16 23:09:00,429.474,429.48,429.545,429.405,147499,63541248.0,1708096140,,,,,,,,,,,-8.86522421328981,13.510335069716461,0.9353571428571448,68.78178821191278,-67.12031038959489
39,2024-02-16 23:10:00,429.655,429.555,429.695,429.535,125558,54104832.0,1708096200,,,,,,,,,,,-7.494599987043326,8.575702114000336,0.9403571428571443,68.78178821191278,-63.53044850946491
40,2024-02-16 23:11:00,429.62,429.865,429.865,429.62,113891,49092864.0,1708096260,,,,,,,,,,,-5.3993363408557045,8.575702114000336,0.9403571428571443,68.78178821191278,-58.10234548788585
41,2024-02-16 23:12:00,429.885,429.765,429.985,429.765,128700,55480064.0,1708096320,,,,,,,,,,,-3.7468430816063716,8.575702114000336,0.9403571428571443,68.78178821191278,-36.68381789970305
42,2024-02-16 23:13:00,429.645,429.335,429.75,429.305,189527,81637120.0,1708096380,,,,,,,,,,,-3.3658350451551584,8.575702114000336,0.9403571428571443,68.78178821191278,-19.759200557970896
43,2024-02-16 23:14:00,429.634,429.705,429.705,429.485,153769,66246144.0,1708096440,,,,,,,,,,,-2.0059125889259946,8.575702114000336,0.9403571428571443,68.78178821191278,-42.38977630981276
44,2024-02-16 23:15:00,429.655,429.685,429.725,429.635,98746,42555648.0,1708096500,,,,,,,,,,,-0.8074360791419295,4.631167308301599,0.9775000000000043,68.78178821191278,-29.09975335881177
45,2024-02-16 23:16:00,429.655,429.785,429.785,429.565,120257,51806720.0,1708096560,,,,,,,,,,,1.995689254784402,4.631167308301599,0.9775000000000043,68.78178821191278,-19.61523386302542
46,2024-02-16 23:17:00,429.895,429.995,429.995,429.885,111828,48212992.0,1708096620,,,,,,,,,,,5.375181368238827,4.631167308301599,0.9775000000000043,68.78178821191278,-1.8014464524057097
47,2024-02-16 23:18:00,430.105,430.205,430.265,430.105,118238,50996224.0,1708096680,,,,,,,,,,,9.261511224063192,4.631167308301599,0.9775000000000043,68.78178821191278,29.964920838336752
48,2024-02-16 23:19:00,430.25,430.31,430.33,430.205,133842,57755136.0,1708096740,,,,,,,,,,,13.166627358933788,4.631167308301599,0.9775000000000043,68.78178821191278,53.34939246858609
49,2024-02-16 23:20:00,430.297,430.225,430.297,430.225,142039,61291520.0,1708096800,,,,,,,,,,,16.31117523529396,2.6583966169854705,1.018571428571432,68.78178821191278,63.205828146165544
50,2024-02-16 23:21:00,430.185,429.945,430.225,429.945,108078,46627328.0,1708096860,,,,,,,,,,,17.981487084846904,2.6583966169854705,1.018571428571432,68.78178821191278,65.12093918669636
51,2024-02-16 23:22:00,429.935,429.585,429.935,429.575,135933,58596352.0,1708096920,,,,,,,,,,,18.009795228834527,2.6583966169854705,1.018571428571432,68.78178821191278,59.57264208975466
52,2024-02-16 23:23:00,429.735,429.405,429.735,429.405,130113,56067584.0,1708096980,,,,,,,,,,,17.404863508688933,2.6583966169854705,1.018571428571432,68.78178821191278,37.01984823149669
53,2024-02-16 23:24:00,429.425,429.895,429.895,429.425,98180,42323456.0,1708097040,,,,,,,,,,,19.145055900766707,2.6583966169854705,1.018571428571432,68.78178821191278,-8.952938826022855
54,2024-02-16 23:25:00,429.87,429.535,429.87,429.535,67199,28969472.0,1708097100,,,,,,,,,,,19.137874860098925,-0.8060534206915406,1.0653571428571484,68.78178821191278,7.625823416846805
55,2024-02-16 23:26:00,429.495,429.635,429.635,429.495,93123,40129536.0,1708097160,,,,,,,,,,,19.570593161935243,-0.8060534206915406,1.0653571428571484,68.78178821191278,-17.595946583818396
56,2024-02-16 23:27:00,429.745,429.335,429.745,429.335,149457,64380416.0,1708097220,,,,,,,,,,,18.623052821784917,-0.8060534206915406,1.0653571428571484,68.78178821191278,-22.878502074531447
57,2024-02-16 23:28:00,429.245,429.255,429.355,429.235,89315,38475776.0,1708097280,,,,,,,,,,,17.45901789667038,-0.8060534206915406,1.0653571428571484,68.78178821191278,-45.37448627588794
58,2024-02-16 23:29:00,429.315,429.465,429.475,429.255,64951,27986944.0,1708097340,,,,,,,,,,,17.53091777962286,-0.8060534206915406,1.0653571428571484,68.78178821191278,-56.74000758026875
59,2024-02-16 23:30:00,429.56,429.725,429.755,429.56,109757,47311872.0,1708097400,,,,,,,,,,,18.832343605845374,-3.2708298726108325,1.0782142857142876,66.73435341100458,-55.61399343382461
60,2024-02-16 23:31:00,429.745,429.605,429.815,429.605,116671,50300416.0,1708097460,,,,,,,,,,,19.416827889046694,-3.2708298726108325,1.0782142857142876,66.73435341100458,-42.675979221025536
61,2024-02-16 23:32:00,429.585,429.415,429.585,429.235,214083,92208640.0,1708097520,,,,,,,,,,,19.2070883838687,-3.2708298726108325,1.0782142857142876,66.73435341100458,-37.949880076188684
62,2024-02-16 23:33:00,429.535,429.283,429.535,429.185,328034,142065664.0,1708097580,,,,,,,,,,,18.349629856749026,-3.2708298726108325,1.0782142857142876,66.73435341100458,-45.9141760781331
63,2024-02-16 23:34:00,429.312,429.095,429.415,429.095,138951,59844608.0,1708097640,,,,,,,,,,,16.80319234347718,-3.2708298726108325,1.0782142857142876,66.73435341100458,-55.075528577696176
64,2024-02-16 23:35:00,429.215,429.425,429.435,429.215,87967,37897728.0,1708097700,,,,,,,,,,,17.447983394890088,-6.137365796696827,1.081785714285717,66.73435341100458,-63.86328457273125
65,2024-02-16 23:36:00,429.4,429.415,429.485,429.295,93314,40204288.0,1708097760,,,,,,,,,,,18.569580694609087,-6.137365796696827,1.081785714285717,66.73435341100458,-60.58615200832992
66,2024-02-16 23:37:00,429.525,429.725,429.795,429.498,98268,42359808.0,1708097820,,,,,,,,,,,22.619479201965213,-6.137365796696827,1.081785714285717,66.73435341100458,-57.94416552175502
67,2024-02-16 23:38:00,429.835,430.175,430.175,429.835,95359,41147904.0,1708097880,,,,,,,,,,,31.30147242972651,-6.137365796696827,1.081785714285717,66.73435341100458,-39.73253154146746
68,2024-02-16 23:39:00,430.195,430.295,430.305,430.195,134968,58262016.0,1708097940,,,,,,,,,,,41.54994348697393,-6.137365796696827,1.081785714285717,66.73435341100458,31.02918363243054
69,2024-02-16 23:40:00,430.315,430.635,430.645,430.315,124547,53785600.0,1708098000,,,,,,,,,,,54.58064086158427,-5.368186496001428,1.0689285714285737,66.73435341100458,60.04782785665072
70,2024-02-16 23:41:00,430.755,430.825,430.858,430.6,198020,85540352.0,1708098060,,,,,,,,,,,65.93165886212904,-5.368186496001428,1.0689285714285737,66.73435341100458,71.9124992413694
71,2024-02-16 23:42:00,430.835,430.865,430.895,430.815,178316,77044736.0,1708098120,,,,,,,,,,,75.996215416569,-5.368186496001428,1.0689285714285737,66.73435341100458,76.35143947507797
72,2024-02-16 23:43:00,430.915,430.645,430.915,430.645,191945,82926592.0,1708098180,,,,,,,,,,,82.73315674470682,-5.368186496001428,1.0689285714285737,66.73435341100458,77.87960771097515
73,2024-02-16 23:44:00,430.734,430.805,430.855,430.725,75550,32656384.0,1708098240,,,,,,,,,,,90.04493098486444,-5.368186496001428,1.0689285714285737,66.73435341100458,77.20340253571376
74,2024-02-16 23:45:00,430.645,430.555,430.665,430.555,106538,46019584.0,1708098300,,,,,,,,,,,94.21358227827007,-4.770798703288577,0.8523571428571464,66.73435341100458,77.16111123049288
75,2024-02-16 23:46:00,430.527,430.661,430.685,430.527,82683,35717632.0,1708098360,,,,,,,,,,,98.69566029351071,-4.770798703288577,0.8523571428571464,66.73435341100458,75.34656689420218
76,2024-02-16 23:47:00,430.695,430.658,430.715,430.615,119549,51637248.0,1708098420,,,,,,,,,,,102.34702703636873,-4.770798703288577,0.8523571428571464,66.73435341100458,74.290049300407
77,2024-02-16 23:48:00,430.665,430.905,430.945,430.665,502132,217961472.0,1708098480,,,,,,,,,,,107.56887578878472,-4.770798703288577,0.8523571428571464,66.73435341100458,73.09394191365021
78,2024-02-16 23:49:00,430.965,430.595,430.965,430.595,184679,79807488.0,1708098540,,,,,,,,,,,108.84470990394836,-4.770798703288577,0.8523571428571464,66.73435341100458,73.63465385505131
79,2024-02-16 23:50:00,430.565,430.215,430.565,430.215,247308,106779136.0,1708098600,,,,,,,,,,,106.10824634725915,-5.017893113663774,0.8595714285714321,66.73435341100458,71.14803162673721
80,2024-02-16 23:51:00,430.315,430.335,430.355,430.275,126209,54494720.0,1708098660,,,,,,,,,,,104.70246298146144,-5.017893113663774,0.8595714285714321,66.73435341100458,63.96067343079538
81,2024-02-16 23:52:00,430.305,430.345,430.475,430.245,88507,38220288.0,1708098720,,,,,,,,,,,103.15143464833912,-5.017893113663774,0.8595714285714321,66.73435341100458,70.15058339150401
82,2024-02-16 23:53:00,430.495,430.515,430.515,430.405,93757,40507392.0,1708098780,,,,,,,,,,,103.37632808280486,-5.017893113663774,0.8595714285714321,66.73435341100458,72.32489818169975
83,2024-02-16 23:54:00,430.725,430.655,430.775,430.605,280219,121578496.0,1708098840,,,,,,,,,,,104.88105585009066,-5.017893113663774,0.8595714285714321,66.73435341100458,74.44765296091794
84,2024-02-16 23:55:00,430.655,430.775,430.775,430.655,77850,33646080.0,1708098900,,,,,,,,,,,107.32285085145955,-3.6414512386631372,0.8532857142857162,66.73435341100458,75.99009992714561
85,2024-02-16 23:56:00,430.7,430.406,430.7,430.406,110958,47927808.0,1708098960,,,,,,,,,,,105.60109915284889,-3.6414512386631372,0.8532857142857162,66.73435341100458,76.99953526540403
86,2024-02-16 23:57:00,430.375,430.415,430.415,430.215,323229,140114432.0,1708099020,,,,,,,,,,,104.03548896154638,-3.6414512386631372,0.8532857142857162,66.73435341100458,74.97439514084246
87,2024-02-16 23:58:00,430.426,430.415,430.465,430.365,49839,21540864.0,1708099080,,,,,,,,,,,102.52301406748984,-3.6414512386631372,0.8532857142857162,66.73435341100458,73.06528912612886
88,2024-02-16 23:59:00,430.515,430.535,430.605,430.515,53469,23112704.0,1708099140,,,,,,,,,,,102.28992949357237,-3.6414512386631372,0.8532857142857162,66.73435341100458,71.80166979462707
89,2024-02-17 00:00:00,430.495,430.654,430.654,430.495,51166,22119936.0,1708099200,,,,,,,,,,,103.19067262801016,-2.622514128055144,0.8390000000000027,66.34907987700787,72.36731891284616
90,2024-02-17 00:01:00,430.755,430.775,430.775,430.675,70266,30368768.0,1708099260,,,,,,,,,,,105.12382489377293,-2.622514128055144,0.8390000000000027,66.34907987700787,73.34491898278404
91,2024-02-17 00:02:00,430.895,431.113,431.113,430.895,152797,66040832.0,1708099320,,,,,,,,,,,108.6816559475959,-2.622514128055144,0.8390000000000027,66.34907987700787,74.28103862993648
92,2024-02-17 00:03:00,431.045,430.935,431.045,430.92,67781,29295104.0,1708099380,,,,,,,,,,,110.05661954049154,-2.622514128055144,0.8390000000000027,66.34907987700787,76.30580729132572
93,2024-02-17 00:04:00,430.985,431.255,431.255,430.985,97023,41947648.0,1708099440,,,,,,,,,,,112.85618421781365,-2.622514128055144,0.8390000000000027,66.34907987700787,76.21105371974737
94,2024-02-17 00:05:00,431.275,431.225,431.275,431.195,107360,46413824.0,1708099500,,,,,,,,,,,114.79944928148652,-0.09780155522815903,0.7247857142857137,66.34907987700787,77.69267221106463
95,2024-02-17 00:06:00,431.345,431.168,431.37,431.168,113685,49203200.0,1708099560,,,,,,,,,,,115.15770963982197,-0.09780155522815903,0.7247857142857137,66.34907987700787,77.90099441013582
96,2024-02-17 00:07:00,431.225,431.065,431.235,431.065,106848,46189568.0,1708099620,,,,,,,,,,,114.49771355552626,-0.09780155522815903,0.7247857142857137,66.34907987700787,77.3853100290881
97,2024-02-17 00:08:00,431.115,431.027,431.125,430.925,60582,26183680.0,1708099680,,,,,,,,,,,113.4795459319339,-0.09780155522815903,0.7247857142857137,66.34907987700787,76.7608291404195
98,2024-02-17 00:09:00,431.13,431.282,431.282,431.125,80342,34742272.0,1708099740,,,,,,,,,,,114.6078157041342,-0.09780155522815903,0.7247857142857137,66.34907987700787,75.748376146642
99,2024-02-17 00:10:00,431.315,431.46,431.46,431.285,138900,60140032.0,1708099800,,,,,,,,,,,116.24779169572838,2.874337247873612,0.7164999999999964,66.34907987700787,76.94845207700196
100,2024-02-17 00:11:00,431.415,431.32,431.415,431.29,91184,39485952.0,1708099860,,,,,,,,,,,116.47286746511197,2.874337247873612,0.7164999999999964,66.34907987700787,78.2946485064806
101,2024-02-17 00:12:00,431.415,431.455,431.505,431.415,71664,31046656.0,1708099920,,,,,,,,,,,117.30422816683912,2.874337247873612,0.7164999999999964,66.34907987700787,79.34667954801033
102,2024-02-17 00:13:00,431.445,431.715,431.725,431.445,139088,60272640.0,1708099980,,,,,,,,,,,118.26613745104478,2.874337247873612,0.7164999999999964,66.34907987700787,80.07727569359385
103,2024-02-17 00:14:00,431.705,431.754,431.754,431.695,73538,31880192.0,1708100040,,,,,,,,,,,119.09386040216651,2.874337247873612,0.7164999999999964,66.34907987700787,80.1730606505607
104,2024-02-17 00:15:00,431.775,431.895,431.895,431.775,109466,47447552.0,1708100100,,,,,,,,,,,119.73003746002291,6.766131928554287,0.680428571428564,66.34907987700787,79.8647328505472
105,2024-02-17 00:16:00,431.945,431.868,431.945,431.835,93956,40751616.0,1708100160,,,,,,,,,,,119.6801940257267,6.766131928554287,0.680428571428564,66.34907987700787,79.28750711863916
106,2024-02-17 00:17:00,431.845,431.935,431.935,431.845,73224,31762432.0,1708100220,,,,,,,,,,,119.98657828245783,6.766131928554287,0.680428571428564,66.34907987700787,78.3277312957801
107,2024-02-17 00:18:00,432.055,432.13,432.135,432.055,112144,48643072.0,1708100280,,,,,,,,,,,120.19870810344023,6.766131928554287,0.680428571428564,66.34907987700787,77.46629279863328
108,2024-02-17 00:19:00,432.105,432.08,432.135,432.055,80476,34915840.0,1708100340,,,,,,,,,,,119.96445690726688,6.766131928554287,0.680428571428564,66.34907987700787,76.49117780200291
109,2024-02-17 00:20:00,432.139,431.946,432.139,431.885,128072,55544832.0,1708100400,,,,,,,,,,,118.72634394744972,10.453462662997651,0.6535714285714229,66.34907987700787,75.23510797681342
110,2024-02-17 00:21:00,431.985,432.265,432.305,431.985,318270,138181632.0,1708100460,,,,,,,,,,,118.55900719191018,10.453462662997651,0.6535714285714229,66.34907987700787,73.36739629076645
111,2024-02-17 00:22:00,432.225,432.181,432.225,432.165,81804,35472896.0,1708100520,,,,,,,,,,,117.63733126943478,10.453462662997651,0.6535714285714229,66.34907987700787,72.25616771085642
112,2024-02-17 00:23:00,432.255,432.095,432.255,432.095,91666,39750144.0,1708100580,,,,,,,,,,,115.79111929186399,10.453462662997651,0.6535714285714229,66.34907987700787,70.57949274190499
113,2024-02-17 00:24:00,432.135,432.145,432.145,432.095,218332,94642176.0,1708100640,,,,,,,,,,,114.50744910922546,10.453462662997651,0.6535714285714229,66.34907987700787,68.34105473876438
114,2024-02-17 00:25:00,432.055,432.155,432.155,432.005,103108,44702208.0,1708100700,,,,,,,,,,,113.3821684664729,14.367072069551398,0.6306428571428496,66.34907987700787,66.5503818476183
115,2024-02-17 00:26:00,432.155,432.065,432.155,432.025,54238,23519744.0,1708100760,,,,,,,,,,,111.48758325734599,14.367072069551398,0.6306428571428496,66.34907987700787,64.83595264047446
116,2024-02-17 00:27:00,431.956,432.075,432.075,431.955,273626,118821376.0,1708100820,,,,,,,,,,,109.82653714554448,14.367072069551398,0.6306428571428496,66.34907987700787,62.25882570536568
117,2024-02-17 00:28:00,432.115,432.115,432.135,432.075,43792,18992640.0,1708100880,,,,,,,,,,,108.65276066096726,14.367072069551398,0.6306428571428496,66.34907987700787,59.87115737729447
118,2024-02-17 00:29:00,432.02,432.065,432.125,432.02,247760,107610112.0,1708100940,,,,,,,,,,,107.09420655373978,14.367072069551398,0.6306428571428496,66.34907987700787,58.08839684138157
119,2024-02-17 00:30:00,432.065,432.06,432.065,431.97,66740,28932608.0,1708101000,,,,,,,,,,,105.60824590263519,17.66968383336048,0.5902857142857069,68.2095100525548,55.60388846572481
120,2024-02-17 00:31:00,432.125,432.305,432.32,432.125,95252,41310208.0,1708101060,,,,,,,,,,,106.34089760895645,17.66968383336048,0.5902857142857069,68.2095100525548,53.18804687075469
121,2024-02-17 00:32:00,432.245,432.255,432.255,432.185,73058,31681536.0,1708101120,,,,,,,,,,,106.49382418911401,17.66968383336048,0.5902857142857069,68.2095100525548,54.42190056317492
122,2024-02-17 00:33:00,432.265,432.405,432.46,432.235,127302,55180288.0,1708101180,,,,,,,,,,,106.70638323507794,17.66968383336048,0.5902857142857069,68.2095100525548,53.83880100105931
123,2024-02-17 00:34:00,432.355,432.025,432.355,432.025,294860,127991808.0,1708101240,,,,,,,,,,,103.61600837943291,17.66968383336048,0.5902857142857069,68.2095100525548,53.025972043277605
124,2024-02-17 00:35:00,432.035,432.166,432.166,432.035,72968,31591424.0,1708101300,,,,,,,,,,,102.02205701532961,20.950835371177206,0.5627857142857035,68.2095100525548,45.618013242338904
125,2024-02-17 00:36:00,432.085,431.865,432.155,431.865,108764,47100928.0,1708101360,,,,,,,,,,,98.00402188099233,20.950835371177206,0.5627857142857035,68.2095100525548,42.17053424877827
126,2024-02-17 00:37:00,431.915,432.115,432.14,431.915,273312,118644736.0,1708101420,,,,,,,,,,,96.52313131146227,20.950835371177206,0.5627857142857035,68.2095100525548,31.77608199893782
127,2024-02-17 00:38:00,432.065,431.975,432.065,431.905,2190674,952771584.0,1708101480,,,,,,,,,,,93.9884796941422,20.950835371177206,0.5627857142857035,68.2095100525548,30.63674081525171
128,2024-02-17 00:39:00,431.965,432.055,432.055,431.906,46538,20142080.0,1708101540,,,,,,,,,,,92.3922380874773,20.950835371177206,0.5627857142857035,68.2095100525548,25.339826501340713
129,2024-02-17 00:40:00,431.975,432.037,432.037,431.965,34528,14945280.0,1708101600,,,,,,,,,,,90.80213899067721,23.584048637798162,0.5471428571428467,68.2095100525548,23.84204709885588
130,2024-02-17 00:41:00,432.055,432.175,432.26,432.055,54968,23789568.0,1708101660,,,,,,,,,,,90.54888245693218,23.584048637798162,0.5471428571428467,68.2095100525548,21.914547139419874
131,2024-02-17 00:42:00,432.145,432.075,432.145,431.985,35736,15454208.0,1708101720,,,,,,,,,,,89.22791754594024,23.584048637798162,0.5471428571428467,68.2095100525548,24.594299917309417
132,2024-02-17 00:43:00,432.005,432.205,432.245,432.005,289148,125522944.0,1708101780,,,,,,,,,,,89.07540821951625,23.584048637798162,0.5471428571428467,68.2095100525548,22.79113062909231
133,2024-02-17 00:44:00,432.235,432.423,432.44,432.235,92392,40031232.0,1708101840,,,,,,,,,,,91.05364826671968,23.584048637798162,0.5471428571428467,68.2095100525548,25.208683332795225
134,2024-02-17 00:45:00,432.415,432.235,432.445,432.235,59964,25968640.0,1708101900,,,,,,,,,,,90.75919743884472,26.497564042262354,0.5285714285714188,68.2095100525548,32.21190603701369
135,2024-02-17 00:46:00,432.285,432.08,432.285,432.08,72548,31418368.0,1708101960,,,,,,,,,,,88.25631187499798,26.497564042262354,0.5285714285714188,68.2095100525548,30.93021135043228
136,2024-02-17 00:47:00,432.115,432.02,432.13,432.02,61844,26774528.0,1708102020,,,,,,,,,,,85.20037852277062,26.497564042262354,0.5285714285714188,68.2095100525548,25.2779532218208
137,2024-02-17 00:48:00,431.915,432.04,432.04,431.875,94512,40902656.0,1708102080,,,,,,,,,,,82.70833164797244,26.497564042262354,0.5285714285714188,68.2095100525548,19.145310036846006
138,2024-02-17 00:49:00,431.955,431.945,431.97,431.885,69198,29945856.0,1708102140,,,,,,,,,,,79.30995448740339,26.497564042262354,0.5285714285714188,68.2095100525548,15.369762643798378
139,2024-02-17 00:50:00,431.935,431.735,431.935,431.71,107006,46306304.0,1708102200,,,,,,,,,,,73.67788345543264,27.809447872803332,0.47321428571428165,68.2095100525548,9.441308894059235
140,2024-02-17 00:51:00,431.718,431.85,431.85,431.607,90148,38987776.0,1708102260,,,,,,,,,,,70.11057128233745,27.809447872803332,0.47321428571428165,68.2095100525548,-1.9155090403552837
141,2024-02-17 00:52:00,431.935,431.975,432.125,431.935,138128,59834368.0,1708102320,,,,,,,,,,,68.5155477070474,27.809447872803332,0.47321428571428165,68.2095100525548,-5.0553999371387945
142,2024-02-17 00:53:00,431.965,432.0,432.0,431.855,65468,28327936.0,1708102380,,,,,,,,,,,66.57887091629206,27.809447872803332,0.47321428571428165,68.2095100525548,-2.5850182865870703
143,2024-02-17 00:54:00,432.065,432.115,432.135,432.021,67056,29046784.0,1708102440,,,,,,,,,,,65.86096112892437,27.809447872803332,0.47321428571428165,68.2095100525548,-0.09323929614505577
144,2024-02-17 00:55:00,432.135,432.135,432.155,432.04,35184,15230976.0,1708102500,,,,,,,,,,,65.55952008654307,30.06854240513009,0.48664285714284816,68.2095100525548,5.062876532192447
145,2024-02-17 00:56:00,432.065,432.21,432.21,432.065,61192,26493952.0,1708102560,,,,,,,,,,,66.06314927899666,30.06854240513009,0.48664285714284816,68.2095100525548,8.608200422585591
146,2024-02-17 00:57:00,432.235,432.308,432.308,432.215,69166,29974528.0,1708102620,,,,,,,,,,,68.25644694449755,30.06854240513009,0.48664285714284816,68.2095100525548,12.722975948205043
147,2024-02-17 00:58:00,432.37,432.705,432.705,432.37,192234,83335168.0,1708102680,,,,,,,,,,,73.1035376677643,30.06854240513009,0.48664285714284816,68.2095100525548,17.888436936385762
148,2024-02-17 00:59:00,432.705,432.705,432.744,432.665,60480,26214400.0,1708102740,,,,,,,,,,,76.78990584731278,30.06854240513009,0.48664285714284816,68.2095100525548,26.38167124442497
149,2024-02-17 01:00:00,432.645,432.365,432.645,432.365,92408,40038400.0,1708102800,,,,,,,,,,,74.37420917419817,32.71794896316331,0.48157142857142177,70.31229464667909,29.37995336476421
150,2024-02-17 01:01:00,432.265,432.335,432.335,432.265,87288,37822464.0,1708102860,,,,,,,,,,,71.73136226389573,32.71794896316331,0.48157142857142177,70.31229464667909,17.813352630160775
151,2024-02-17 01:02:00,432.495,432.485,432.525,432.485,181424,78662656.0,1708102920,,,,,,,,,,,71.91616719481087,32.71794896316331,0.48157142857142177,70.31229464667909,8.000470226132947
152,2024-02-17 01:03:00,432.5,432.545,432.545,432.465,1517760,660036608.0,1708102980,,,,,,,,,,,73.10923068103702,32.71794896316331,0.48157142857142177,70.31229464667909,8.201049336522559
153,2024-02-17 01:04:00,432.615,432.455,432.615,432.455,51632,22373376.0,1708103040,,,,,,,,,,,72.67749566197321,32.71794896316331,0.48157142857142177,70.31229464667909,10.8428001292502
154,2024-02-17 01:05:00,432.475,432.595,432.606,432.435,47760,20673536.0,1708103100,,,,,,,,,,,74.66304310637506,35.7097241432796,0.46657142857142325,70.31229464667909,8.3242871051911
155,2024-02-17 01:06:00,432.495,432.265,432.495,432.215,83116,35989504.0,1708103160,,,,,,,,,,,70.90028082382926,35.7097241432796,0.46657142857142325,70.31229464667909,12.753412550436337
156,2024-02-17 01:07:00,432.295,432.275,432.305,432.235,54920,23780352.0,1708103220,,,,,,,,,,,67.73267515789888,35.7097241432796,0.46657142857142325,70.31229464667909,0.64028375545036
157,2024-02-17 01:08:00,432.295,432.215,432.295,432.215,42716,18479104.0,1708103280,,,,,,,,,,,63.92491864653971,35.7097241432796,0.46657142857142325,70.31229464667909,-6.6541046717009005
158,2024-02-17 01:09:00,432.125,432.155,432.185,432.066,44028,19053568.0,1708103340,,,,,,,,,,,59.55298945052465,35.7097241432796,0.46657142857142325,70.31229464667909,-13.665238197676965
159,2024-02-17 01:10:00,432.225,432.075,432.225,432.065,54764,23707648.0,1708103400,,,,,,,,,,,54.349413122192715,37.018101869840606,0.464428571428568,70.31229464667909,-20.15810447589109
160,2024-02-17 01:11:00,432.07,431.899,432.095,431.865,52844,22866944.0,1708103460,,,,,,,,,,,46.79963231640235,37.018101869840606,0.464428571428568,70.31229464667909,-26.747383276061107
161,2024-02-17 01:12:00,431.815,431.985,432.045,431.815,52404,22685696.0,1708103520,,,,,,,,,,,41.574595927950526,37.018101869840606,0.464428571428568,70.31229464667909,-35.93201829299198
162,2024-02-17 01:13:00,431.965,431.955,432.025,431.925,17608,7611392.0,1708103580,,,,,,,,,,,36.48173899524471,37.018101869840606,0.464428571428568,70.31229464667909,-38.18871196845593
163,2024-02-17 01:14:00,431.925,432.005,432.007,431.925,41768,18071552.0,1708103640,,,,,,,,,,,32.859602415923206,37.018101869840606,0.464428571428568,70.31229464667909,-40.00872403223967
164,2024-02-17 01:15:00,432.055,431.95,432.055,431.95,57028,24700928.0,1708103700,,,,,,,,,,,28.78939133834328,37.86637912955237,0.44007142857142867,70.31229464667909,-39.35914894502419
165,2024-02-17 01:16:00,431.865,431.855,431.925,431.785,49128,21255168.0,1708103760,,,,,,,,,,,23.653113738372923,37.86637912955237,0.44007142857142867,70.31229464667909,-40.07318288947987
166,2024-02-17 01:17:00,431.815,431.945,431.945,431.815,25018,10816512.0,1708103820,,,,,,,,,,,20.683414428183426,37.86637912955237,0.44007142857142867,70.31229464667909,-42.67264199809804
167,2024-02-17 01:18:00,432.009,431.905,432.009,431.905,30662,13270016.0,1708103880,,,,,,,,,,,17.464337039815263,37.86637912955237,0.44007142857142867,70.31229464667909,-42.8494333158235
168,2024-02-17 01:19:00,431.971,431.995,432.035,431.915,48066,20804608.0,1708103940,,,,,,,,,,,16.21178242096738,37.86637912955237,0.44007142857142867,70.31229464667909,-44.943187107583064
169,2024-02-17 01:20:00,431.915,431.905,431.925,431.845,40134,17358848.0,1708104000,,,,,,,,,,,13.687529128551574,38.51386818323955,0.4197142857142881,70.31229464667909,-43.31591534707795
170,2024-02-17 01:21:00,431.905,431.88,431.905,431.822,52864,22865920.0,1708104060,,,,,,,,,,,11.124067327161868,38.51386818323955,0.4197142857142881,70.31229464667909,-46.46356306445159
171,2024-02-17 01:22:00,431.816,431.865,431.895,431.816,38952,16842752.0,1708104120,,,,,,,,,,,8.696155067162977,38.51386818323955,0.4197142857142881,70.31229464667909,-51.2509122989862
172,2024-02-17 01:23:00,431.925,432.005,432.015,431.925,32042,13851648.0,1708104180,,,,,,,,,,,8.996545446224019,38.51386818323955,0.4197142857142881,70.31229464667909,-54.249402425586055
173,2024-02-17 01:24:00,432.025,432.085,432.135,432.025,48702,21082112.0,1708104240,,,,,,,,,,,10.718478504299242,38.51386818323955,0.4197142857142881,70.31229464667909,-52.290099881079925
174,2024-02-17 01:25:00,432.105,432.285,432.285,432.085,48144,20843520.0,1708104300,,,,,,,,,,,15.719355337286544,40.10420998206199,0.41000000000000875,70.31229464667909,-48.042041964767186
175,2024-02-17 01:26:00,432.245,432.27,432.27,432.165,112966,48940032.0,1708104360,,,,,,,,,,,20.018710353278735,40.10420998206199,0.41000000000000875,70.31229464667909,-35.839496482345176
176,2024-02-17 01:27:00,432.245,432.215,432.265,432.145,57504,24904704.0,1708104420,,,,,,,,,,,23.009655688379596,40.10420998206199,0.41000000000000875,70.31229464667909,-25.550856648962117
177,2024-02-17 01:28:00,432.176,432.179,432.179,432.085,53914,23340032.0,1708104480,,,,,,,,,,,25.145397587334756,40.10420998206199,0.41000000000000875,70.31229464667909,-21.053990576328715
178,2024-02-17 01:29:00,432.295,432.44,432.44,432.295,72004,31195136.0,1708104540,,,,,,,,,,,31.504682397690473,40.10420998206199,0.41000000000000875,70.31229464667909,-24.55472434343446
179,2024-02-17 01:30:00,432.395,432.485,432.485,432.374,93072,40324096.0,1708104600,,,,,,,,,,,37.98629488541168,42.05637725921275,0.41685714285715186,72.33280771640752,-9.152769935227742
180,2024-02-17 01:31:00,432.464,432.385,432.464,432.365,47296,20483072.0,1708104660,,,,,,,,,,,42.12603841645377,42.05637725921275,0.41685714285715186,72.33280771640752,5.818939873024507
181,2024-02-17 01:32:00,432.425,432.525,432.525,432.425,57304,24836096.0,1708104720,,,,,,,,,,,48.2022734196795,42.05637725921275,0.41685714285715186,72.33280771640752,2.700258099935216
182,2024-02-17 01:33:00,432.505,432.215,432.505,432.215,66118,28646400.0,1708104780,,,,,,,,,,,48.42936278960295,42.05637725921275,0.41685714285715186,72.33280771640752,14.218536017071486
183,2024-02-17 01:34:00,432.268,432.25,432.33,432.25,65760,28486656.0,1708104840,,,,,,,,,,,49.23789649340243,42.05637725921275,0.41685714285715186,72.33280771640752,-18.04443043598299
184,2024-02-17 01:35:00,432.285,432.245,432.355,432.21,71146,30816256.0,1708104900,,,,,,,,,,,49.89068595747413,43.16429771258336,0.41371428571429597,72.33280771640752,-31.56633789407204
185,2024-02-17 01:36:00,432.305,432.215,432.326,432.211,52796,22871040.0,1708104960,,,,,,,,,,,48.332365375021254,43.16429771258336,0.41371428571429597,72.33280771640752,-38.681333602547234
186,2024-02-17 01:37:00,432.145,432.245,432.245,432.145,81312,35207168.0,1708105020,,,,,,,,,,,47.55721112473883,43.16429771258336,0.41371428571429597,72.33280771640752,-44.20950514728323
187,2024-02-17 01:38:00,432.225,431.915,432.225,431.915,65568,28400640.0,1708105080,,,,,,,,,,,40.30749054094255,43.16429771258336,0.41371428571429597,72.33280771640752,-45.18394855903588
188,2024-02-17 01:39:00,431.965,432.025,432.035,431.915,37288,16132096.0,1708105140,,,,,,,,,,,36.06538017949363,43.16429771258336,0.41371428571429597,72.33280771640752,-59.95885666573973
189,2024-02-17 01:40:00,432.09,432.055,432.095,432.025,42648,18463744.0,1708105200,,,,,,,,,,,32.91881208044883,43.64927330416192,0.4287857142857255,72.33280771640752,-62.78031407655414
190,2024-02-17 01:41:00,431.995,431.995,432.005,431.985,56028,24258560.0,1708105260,,,,,,,,,,,28.960936205328807,43.64927330416192,0.4287857142857255,72.33280771640752,-63.427129596208964
191,2024-02-17 01:42:00,431.965,432.115,432.175,431.945,65444,28339200.0,1708105320,,,,,,,,,,,27.873174792690875,43.64927330416192,0.4287857142857255,72.33280771640752,-65.08342361789173
192,2024-02-17 01:43:00,432.135,432.095,432.155,432.095,16460,7106560.0,1708105380,,,,,,,,,,,26.556106732020282,43.64927330416192,0.4287857142857255,72.33280771640752,-62.883047584577405
193,2024-02-17 01:44:00,432.065,432.075,432.075,431.92,29152,12611584.0,1708105440,,,,,,,,,,,25.70114815335269,43.64927330416192,0.4287857142857255,72.33280771640752,-61.54501569134351
194,2024-02-17 01:45:00,432.075,431.945,432.075,431.945,18012,7786496.0,1708105500,,,,,,,,,,,22.23165287917901,43.78922410503792,0.41592857142858214,72.33280771640752,-60.96502648173264
195,2024-02-17 01:46:00,431.945,432.025,432.035,431.945,23970,10368000.0,1708105560,,,,,,,,,,,21.03824049314227,43.78922410503792,0.41592857142858214,72.33280771640752,-64.26275309878511
196,2024-02-17 01:47:00,432.135,431.938,432.165,431.938,56214,24335360.0,1708105620,,,,,,,,,,,18.03044361726687,43.78922410503792,0.41592857142858214,72.33280771640752,-63.810436314226514
197,2024-02-17 01:48:00,431.975,432.01,432.01,431.895,45484,19689472.0,1708105680,,,,,,,,,,,17.069942069905537,43.78922410503792,0.41592857142858214,72.33280771640752,-65.64508419113092
198,2024-02-17 01:49:00,432.075,432.125,432.165,432.075,90332,39118848.0,1708105740,,,,,,,,,,,19.01159857832232,43.78922410503792,0.41592857142858214,72.33280771640752,-64.69792841717499
199,2024-02-17 01:50:00,432.105,432.245,432.245,432.085,34140,14781440.0,1708105800,,,,,,,,,,,24.76797095394285,44.7049919800193,0.41942857142858464,72.33280771640752,-59.822092026444345
200,2024-02-17 01:51:00,432.235,432.105,432.235,432.105,31802,13758464.0,1708105860,,,,,,,,,,,26.332991679793338,44.7049919800193,0.41942857142858464,72.33280771640752,-47.8706717440129
201,2024-02-17 01:52:00,432.095,431.975,432.115,431.945,52170,22566912.0,1708105920,,,,,,,,,,,24.414097939458742,44.7049919800193,0.41942857142858464,72.33280771640752,-47.09901641753841
202,2024-02-17 01:53:00,432.02,432.085,432.105,432.01,18948,8206336.0,1708105980,,,,,,,,,,,25.5889761342126,44.7049919800193,0.41942857142858464,72.33280771640752,-54.60314639266071
203,2024-02-17 01:54:00,432.015,431.935,432.015,431.895,41744,18065408.0,1708106040,,,,,,,,,,,22.805003107352732,44.7049919800193,0.41942857142858464,72.33280771640752,-52.292507663994364
204,2024-02-17 01:55:00,431.985,432.025,432.115,431.985,32532,14075904.0,1708106100,,,,,,,,,,,22.692912115669387,44.936434579228134,0.41157142857144485,72.33280771640752,-58.54790138627455
205,2024-02-17 01:56:00,432.015,432.015,432.015,431.915,71244,30846976.0,1708106160,,,,,,,,,,,22.380296906063876,44.936434579228134,0.41157142857144485,72.33280771640752,-57.62173671660118
206,2024-02-17 01:57:00,431.935,431.885,431.965,431.885,43232,18715648.0,1708106220,,,,,,,,,,,18.78928711800569,44.936434579228134,0.41157142857144485,72.33280771640752,-57.16296656500145
207,2024-02-17 01:58:00,431.895,431.745,431.925,431.745,41976,18157568.0,1708106280,,,,,,,,,,,13.055088126250922,44.936434579228134,0.41157142857144485,72.33280771640752,-62.318370945275355
208,2024-02-17 01:59:00,431.655,431.695,431.775,431.655,73980,31992832.0,1708106340,,,,,,,,,,,8.880612832540734,44.936434579228134,0.41157142857144485,72.33280771640752,-68.62886389018486
209,2024-02-17 02:00:00,431.675,431.92,431.92,431.675,52438,22690816.0,1708106400,,,,,,,,,,,10.167674593727568,44.86118162485849,0.3969285714285848,73.18346859630573,-72.29135004196922
210,2024-02-17 02:01:00,431.865,431.761,431.865,431.761,33714,14584832.0,1708106460,,,,,,,,,,,7.886315179275854,44.86118162485849,0.3969285714285848,73.18346859630573,-70.16444445133581
211,2024-02-17 02:02:00,431.705,431.465,431.705,431.435,146112,63207424.0,1708106520,,,,,,,,,,,4.115611737098149,44.86118162485849,0.3969285714285848,73.18346859630573,-71.77432660026204
212,2024-02-17 02:03:00,431.475,431.447,431.525,431.447,70908,30678016.0,1708106580,,,,,,,,,,,0.5092545498191754,44.86118162485849,0.3969285714285848,73.18346859630573,-74.64667377847908
213,2024-02-17 02:04:00,431.515,431.335,431.515,431.296,151368,65463296.0,1708106640,,,,,,,,,,,-2.2335960948082487,44.86118162485849,0.3969285714285848,73.18346859630573,-76.30593299797656
214,2024-02-17 02:05:00,431.336,431.175,431.385,431.175,78156,33771520.0,1708106700,,,,,,,,,,,-5.205348178995408,42.82092602336725,0.41100000000001763,73.18346859630573,-77.03125010112112
215,2024-02-17 02:06:00,431.115,431.005,431.115,430.895,152896,66055168.0,1708106760,,,,,,,,,,,-6.481232673403852,42.82092602336725,0.41100000000001763,73.18346859630573,-77.79016638621492
216,2024-02-17 02:07:00,430.965,430.975,431.045,430.965,94210,40695808.0,1708106820,,,,,,,,,,,-7.88560941237003,42.82092602336725,0.41100000000001763,73.18346859630573,-77.56772345763567
217,2024-02-17 02:08:00,430.892,430.96,431.055,430.892,86032,37147648.0,1708106880,,,,,,,,,,,-9.194277191713404,42.82092602336725,0.41100000000001763,73.18346859630573,-77.58673987237515
218,2024-02-17 02:09:00,431.0,431.125,431.125,430.985,82314,35574784.0,1708106940,,,,,,,,,,,-8.343895274709155,42.82092602336725,0.41100000000001763,73.18346859630573,-77.66178285922713
219,2024-02-17 02:10:00,431.095,431.175,431.205,431.095,57848,24974336.0,1708107000,,,,,,,,,,,-6.917466424208051,41.001469620779204,0.38485714285715744,73.18346859630573,-76.30260256633498
220,2024-02-17 02:11:00,431.077,430.995,431.151,430.995,47332,20443136.0,1708107060,,,,,,,,,,,-7.67367394412944,41.001469620779204,0.38485714285715744,73.18346859630573,-74.47153461611568
221,2024-02-17 02:12:00,430.975,430.705,430.975,430.607,132348,57138176.0,1708107120,,,,,,,,,,,-8.499212509161211,41.001469620779204,0.38485714285715744,73.18346859630573,-75.21338876540759
222,2024-02-17 02:13:00,430.715,430.725,430.795,430.715,99848,43101184.0,1708107180,,,,,,,,,,,-8.958583548629456,41.001469620779204,0.38485714285715744,73.18346859630573,-75.84056793635197
223,2024-02-17 02:14:00,430.92,430.825,430.92,430.815,49792,21501952.0,1708107240,,,,,,,,,,,-8.295179245255767,41.001469620779204,0.38485714285715744,73.18346859630573,-76.00803923885981
224,2024-02-17 02:15:00,430.835,430.825,430.915,430.825,41630,17957888.0,1708107300,,,,,,,,,,,-7.62989733875348,38.45728280391256,0.40042857142858324,73.18346859630573,-74.97406558802805
225,2024-02-17 02:16:00,430.885,430.955,430.955,430.885,69130,29850624.0,1708107360,,,,,,,,,,,-5.670605855395102,38.45728280391256,0.40042857142858324,73.18346859630573,-74.06603408628482
226,2024-02-17 02:17:00,431.135,431.074,431.135,431.065,92288,39891968.0,1708107420,,,,,,,,,,,-2.623244206952876,38.45728280391256,0.40042857142858324,73.18346859630573,-70.9510571757818
227,2024-02-17 02:18:00,431.1,431.025,431.1,431.01,61140,26405888.0,1708107480,,,,,,,,,,,0.020148744816403052,38.45728280391256,0.40042857142858324,73.18346859630573,-63.97297578226826
228,2024-02-17 02:19:00,430.931,430.805,430.931,430.745,279480,121236480.0,1708107540,,,,,,,,,,,0.023739775617194425,38.45728280391256,0.40042857142858324,73.18346859630573,-58.339695869869225
229,2024-02-17 02:20:00,430.713,430.785,430.81,430.713,48414,20907008.0,1708107600,,,,,,,,,,,-0.10872570614084509,38.932153059225996,0.3927142857142932,73.18346859630573,-64.12587779995036
230,2024-02-17 02:21:00,430.735,430.785,430.849,430.735,32384,13980672.0,1708107660,,,,,,,,,,,-0.0797539523758104,38.932153059225996,0.3927142857142932,73.18346859630573,-67.38404223640742
231,2024-02-17 02:22:00,430.815,430.805,430.965,430.805,374462,161798144.0,1708107720,,,,,,,,,,,0.22748240789190532,38.932153059225996,0.3927142857142932,73.18346859630573,-69.01716167065922
232,2024-02-17 02:23:00,430.835,431.095,431.095,430.835,65092,28113920.0,1708107780,,,,,,,,,,,3.931362486055548,38.932153059225996,0.3927142857142932,73.18346859630573,-69.29263123855368
233,2024-02-17 02:24:00,431.205,431.163,431.205,431.135,100416,43388928.0,1708107840,,,,,,,,,,,8.06617111333015,38.932153059225996,0.3927142857142932,73.18346859630573,-55.326548495883486
234,2024-02-17 02:25:00,431.405,431.415,431.415,431.355,173024,74847232.0,1708107900,,,,,,,,,,,14.723231625840455,42.96017035643018,0.4212857142857201,73.18346859630573,-18.226702195941144
235,2024-02-17 02:26:00,431.435,431.455,431.455,431.275,115010,49730560.0,1708107960,,,,,,,,,,,21.142765773221093,42.96017035643018,0.4212857142857201,73.18346859630573,58.15984227479468
236,2024-02-17 02:27:00,431.411,431.375,431.435,431.345,42310,18291712.0,1708108020,,,,,,,,,,,25.937628745984036,42.96017035643018,0.4212857142857201,73.18346859630573,71.19924293134999
237,2024-02-17 02:28:00,431.375,431.325,431.375,431.265,69528,30045184.0,1708108080,,,,,,,,,,,29.624225766181056,42.96017035643018,0.4212857142857201,73.18346859630573,73.11791342937961
238,2024-02-17 02:29:00,431.335,431.235,431.405,431.235,52842,22847488.0,1708108140,,,,,,,,,,,31.848754645126448,42.96017035643018,0.4212857142857201,73.18346859630573,72.64257690412154
239,2024-02-17 02:30:00,431.325,431.315,431.325,431.21,61738,26690560.0,1708108200,,,,,,,,,,,34.748801551703224,46.927161876250665,0.4209285714285776,72.92643578629887,69.6388863517919
240,2024-02-17 02:31:00,431.355,431.345,431.375,431.345,55508,23961600.0,1708108260,,,,,,,,,,,37.66275005888298,46.927161876250665,0.4209285714285776,72.92643578629887,69.23448321231068
241,2024-02-17 02:32:00,431.415,431.305,431.415,431.305,33274,14336000.0,1708108320,,,,,,,,,,,39.767283380648024,46.927161876250665,0.4209285714285776,72.92643578629887,69.29440301064524
242,2024-02-17 02:33:00,431.361,431.265,431.361,431.175,40074,17276928.0,1708108380,,,,,,,,,,,41.14651931527951,46.927161876250665,0.4209285714285776,72.92643578629887,67.65179721412699
243,2024-02-17 02:34:00,431.285,431.392,431.435,431.285,26388,11379712.0,1708108440,,,,,,,,,,,43.8254039705588,46.927161876250665,0.4209285714285776,72.92643578629887,64.54105487847667
244,2024-02-17 02:35:00,431.365,431.385,431.455,431.365,20516,8856576.0,1708108500,,,,,,,,,,,46.15131277303723,50.887805866711545,0.407428571428572,72.92643578629887,66.47092054066292
245,2024-02-17 02:36:00,431.415,431.495,431.495,431.356,37300,16117760.0,1708108560,,,,,,,,,,,50.305521644609016,50.887805866711545,0.407428571428572,72.92643578629887,66.7677581335224
246,2024-02-17 02:37:00,431.515,431.515,431.515,431.49,42288,18270208.0,1708108620,,,,,,,,,,,54.21589736259481,50.887805866711545,0.407428571428572,72.92643578629887,69.37591186830038
247,2024-02-17 02:38:00,431.485,431.585,431.595,431.485,31590,13649920.0,1708108680,,,,,,,,,,,58.53603988246161,50.887805866711545,0.407428571428572,72.92643578629887,70.61637008804016
248,2024-02-17 02:39:00,431.615,431.635,431.645,431.6,33684,14569472.0,1708108740,,,,,,,,,,,62.96110188119218,50.887805866711545,0.407428571428572,72.92643578629887,72.08448669582306
249,2024-02-17 02:40:00,431.595,431.665,431.665,431.595,20942,9055232.0,1708108800,,,,,,,,,,,68.17145312981793,55.74928451663817,0.4009285714285714,72.92643578629887,73.15818396451836
250,2024-02-17 02:41:00,431.685,431.625,431.725,431.625,57996,25102336.0,1708108860,,,,,,,,,,,72.70704544940044,55.74928451663817,0.4009285714285714,72.92643578629887,73.68465526247107
251,2024-02-17 02:42:00,431.605,431.71,431.71,431.605,45132,19524608.0,1708108920,,,,,,,,,,,78.33537372847812,55.74928451663817,0.4009285714285714,72.92643578629887,72.96533056385292
252,2024-02-17 02:43:00,431.71,431.79,431.79,431.71,50406,21805056.0,1708108980,,,,,,,,,,,84.487388741907,55.74928451663817,0.4009285714285714,72.92643578629887,73.22771606805817
253,2024-02-17 02:44:00,431.86,431.945,431.945,431.86,103428,44787712.0,1708109040,,,,,,,,,,,91.76360713323388,55.74928451663817,0.4009285714285714,72.92643578629887,73.91145941802014
254,2024-02-17 02:45:00,431.937,432.025,432.025,431.915,58240,25221120.0,1708109100,,,,,,,,,,,98.1386080113087,61.789398461881206,0.40842857142856864,72.92643578629887,75.44952600812395
255,2024-02-17 02:46:00,432.065,432.065,432.075,432.035,202780,87844864.0,1708109160,,,,,,,,,,,103.5700302822326,61.789398461881206,0.40842857142856864,72.92643578629887,76.45449852252482
256,2024-02-17 02:47:00,432.065,432.085,432.09,432.065,38670,16727040.0,1708109220,,,,,,,,,,,108.34825894500231,61.789398461881206,0.40842857142856864,72.92643578629887,76.84707495783907
257,2024-02-17 02:48:00,432.015,431.985,432.015,431.955,53746,23265280.0,1708109280,,,,,,,,,,,111.18334608348925,61.789398461881206,0.40842857142856864,72.92643578629887,76.77760832062414
258,2024-02-17 02:49:00,431.991,431.915,431.991,431.875,44170,19115008.0,1708109340,,,,,,,,,,,112.6697751121187,61.789398461881206,0.40842857142856864,72.92643578629887,75.55149062792454
259,2024-02-17 02:50:00,431.945,431.962,431.974,431.94,24050,10403840.0,1708109400,,,,,,,,,,,114.46154277946646,66.5861284430895,0.39442857142856674,72.92643578629887,73.60467556838603
260,2024-02-17 02:51:00,432.005,432.045,432.045,432.005,27674,11981824.0,1708109460,,,,,,,,,,,116.98934095550852,66.5861284430895,0.39442857142856674,72.92643578629887,72.23058131971554
261,2024-02-17 02:52:00,432.075,432.095,432.095,432.055,48542,21019648.0,1708109520,,,,,,,,,,,119.68224527137461,66.5861284430895,0.39442857142856674,72.92643578629887,71.77483935374073
262,2024-02-17 02:53:00,432.073,432.055,432.073,432.006,36742,15904768.0,1708109580,,,,,,,,,,,121.4268479504361,66.5861284430895,0.39442857142856674,72.92643578629887,71.73690077160961
263,2024-02-17 02:54:00,432.072,432.185,432.185,432.072,30400,13158400.0,1708109640,,,,,,,,,,,123.3531524080012,66.5861284430895,0.39442857142856674,72.92643578629887,72.12627140368616
264,2024-02-17 02:55:00,432.13,432.105,432.13,432.055,42688,18487296.0,1708109700,,,,,,,,,,,123.95850821301912,71.48099266864874,0.39214285714285374,72.92643578629887,73.20786159585461
265,2024-02-17 02:56:00,432.085,432.04,432.125,432.04,29096,12578816.0,1708109760,,,,,,,,,,,123.56961301589826,71.48099266864874,0.39214285714285374,72.92643578629887,72.80776031777386
266,2024-02-17 02:57:00,432.065,432.109,432.135,432.044,32632,14121984.0,1708109820,,,,,,,,,,,123.8546246502025,71.48099266864874,0.39214285714285374,72.92643578629887,72.13282085126419
267,2024-02-17 02:58:00,432.105,432.17,432.185,432.105,29736,12874752.0,1708109880,,,,,,,,,,,124.76590263677085,71.48099266864874,0.39214285714285374,72.92643578629887,71.97372627653698
268,2024-02-17 02:59:00,432.175,432.355,432.355,432.155,64424,27914240.0,1708109940,,,,,,,,,,,125.63987372910005,71.48099266864874,0.39214285714285374,72.92643578629887,72.03216346852888
269,2024-02-17 03:00:00,432.335,432.395,432.395,432.295,41148,17825792.0,1708110000,,,,,,,,,,,126.28724466406639,77.31271805012774,0.3924999999999922,74.37340162586987,72.32996638571638
270,2024-02-17 03:01:00,432.405,432.569,432.575,432.405,134676,58380288.0,1708110060,,,,,,,,,,,126.67276195227134,77.31271805012774,0.3924999999999922,74.37340162586987,72.01606534964439
271,2024-02-17 03:02:00,432.585,432.695,432.695,432.585,49660,21525504.0,1708110120,,,,,,,,,,,126.95019511281487,77.31271805012774,0.3924999999999922,74.37340162586987,71.2755719465759
272,2024-02-17 03:03:00,432.715,432.845,432.873,432.665,164648,71413760.0,1708110180,,,,,,,,,,,126.8243549510951,77.31271805012774,0.3924999999999922,74.37340162586987,70.3479063510226
273,2024-02-17 03:04:00,432.795,432.695,432.885,432.695,124708,54044672.0,1708110240,,,,,,,,,,,125.16570786178337,77.31271805012774,0.3924999999999922,74.37340162586987,68.9847357810372
274,2024-02-17 03:05:00,432.745,432.685,432.765,432.685,38424,16663552.0,1708110300,,,,,,,,,,,123.46412020645124,83.27045859947249,0.40249999999999125,74.37340162586987,65.8769577491966
275,2024-02-17 03:06:00,432.715,432.74,432.77,432.67,33068,14334976.0,1708110360,,,,,,,,,,,122.2817324659288,83.27045859947249,0.40249999999999125,74.37340162586987,62.81596719490254
276,2024-02-17 03:07:00,432.755,432.855,432.86,432.745,88368,38339584.0,1708110420,,,,,,,,,,,122.17431869998154,83.27045859947249,0.40249999999999125,74.37340162586987,60.80629083384163
277,2024-02-17 03:08:00,432.865,432.76,432.865,432.735,60588,26260480.0,1708110480,,,,,,,,,,,120.89028821405083,83.27045859947249,0.40249999999999125,74.37340162586987,60.62727517353353
278,2024-02-17 03:09:00,432.821,432.835,432.855,432.821,84964,36869120.0,1708110540,,,,,,,,,,,120.45343818023508,83.27045859947249,0.40249999999999125,74.37340162586987,58.40771556276984
279,2024-02-17 03:10:00,432.865,432.855,432.965,432.854,85728,37183488.0,1708110600,,,,,,,,,,,119.35337223659064,88.97650460282775,0.39714285714284514,74.37340162586987,57.59700162118098
280,2024-02-17 03:11:00,432.924,432.98,432.98,432.924,71848,31173632.0,1708110660,,,,,,,,,,,119.45619117644935,88.97650460282775,0.39714285714284514,74.37340162586987,55.4276805728187
281,2024-02-17 03:12:00,432.935,432.935,432.935,432.925,39532,17147904.0,1708110720,,,,,,,,,,,118.9828316429797,88.97650460282775,0.39714285714284514,74.37340162586987,55.41336802134844
282,2024-02-17 03:13:00,432.925,432.885,432.925,432.84,54844,23789568.0,1708110780,,,,,,,,,,,117.94564076119087,88.97650460282775,0.39714285714284514,74.37340162586987,53.951103892012576
283,2024-02-17 03:14:00,432.905,432.939,432.939,432.885,38064,16509952.0,1708110840,,,,,,,,,,,117.51072719582774,88.97650460282775,0.39714285714284514,74.37340162586987,51.33331034143276
284,2024-02-17 03:15:00,432.955,432.835,432.955,432.835,50828,22038528.0,1708110900,,,,,,,,,,,115.94280947654721,93.81339036516945,0.3542857142857047,74.37340162586987,50.124660996860506
285,2024-02-17 03:16:00,432.805,432.855,432.87,432.79,67064,29064192.0,1708110960,,,,,,,,,,,114.6821761694815,93.81339036516945,0.3542857142857047,74.37340162586987,46.21042856332073
286,2024-02-17 03:17:00,432.875,432.864,432.875,432.845,41952,18206720.0,1708111020,,,,,,,,,,,113.58328252993752,93.81339036516945,0.3542857142857047,74.37340162586987,43.38574575120055
287,2024-02-17 03:18:00,432.825,432.865,432.925,432.825,38828,16815104.0,1708111080,,,,,,,,,,,112.46866052392451,93.81339036516945,0.3542857142857047,74.37340162586987,41.135774247004164
288,2024-02-17 03:19:00,432.855,432.717,432.855,432.717,48180,20886528.0,1708111140,,,,,,,,,,,109.61379022808447,93.81339036516945,0.3542857142857047,74.37340162586987,39.084490545850684
289,2024-02-17 03:20:00,432.735,432.675,432.785,432.675,39420,17069056.0,1708111200,,,,,,,,,,,106.51792424566142,97.16926000588953,0.34978571428570554,74.37340162586987,32.0718316136015
290,2024-02-17 03:21:00,432.712,432.79,432.79,432.685,76116,33006592.0,1708111260,,,,,,,,,,,104.8690227004762,97.16926000588953,0.34978571428570554,74.37340162586987,24.813971602801942
291,2024-02-17 03:22:00,432.785,432.688,432.785,432.688,21916,9494528.0,1708111320,,,,,,,,,,,102.05061966901573,97.16926000588953,0.34978571428570554,74.37340162586987,24.336493659416114
292,2024-02-17 03:23:00,432.685,432.639,432.695,432.615,101568,44050432.0,1708111380,,,,,,,,,,,98.52695955041341,97.16926000588953,0.34978571428570554,74.37340162586987,19.199663783278886
293,2024-02-17 03:24:00,432.61,432.595,432.61,432.545,77748,33707008.0,1708111440,,,,,,,,,,,94.74744052988225,97.16926000588953,0.34978571428570554,74.37340162586987,13.173534496982132
294,2024-02-17 03:25:00,432.615,432.675,432.675,432.585,38204,16548864.0,1708111500,,,,,,,,,,,92.42814130720913,99.54208141808415,0.32671428571427846,74.37340162586987,6.843815789223649
295,2024-02-17 03:26:00,432.635,432.775,432.775,432.635,53656,23280640.0,1708111560,,,,,,,,,,,91.73273982096114,99.54208141808415,0.32671428571427846,74.37340162586987,6.593352583101064
296,2024-02-17 03:27:00,432.745,432.765,432.819,432.745,52976,22959104.0,1708111620,,,,,,,,,,,90.71139595940897,99.54208141808415,0.32671428571427846,74.37340162586987,11.165794607901246
297,2024-02-17 03:28:00,432.715,432.585,432.715,432.585,34252,14839808.0,1708111680,,,,,,,,,,,86.28300027976766,99.54208141808415,0.32671428571427846,74.37340162586987,13.307896694889088
298,2024-02-17 03:29:00,432.555,432.58,432.635,432.555,45672,19793920.0,1708111740,,,,,,,,,,,82.15162410437972,99.54208141808415,0.32671428571427846,74.37340162586987,5.791837862990029
299,2024-02-17 03:30:00,432.595,432.65,432.665,432.595,45876,19874816.0,1708111800,,,,,,,,,,,79.6818362845672,101.38928733490735,0.3154285714285671,76.02122707024843,0.5931149062939267
300,2024-02-17 03:31:00,432.675,432.635,432.735,432.635,43704,18930688.0,1708111860,,,,,,,,,,,77.2285227597431,101.38928733490735,0.3154285714285671,76.02122707024843,0.7476765887755945
301,2024-02-17 03:32:00,432.605,432.59,432.605,432.565,27472,11886592.0,1708111920,,,,,,,,,,,74.27557691416848,101.38928733490735,0.3154285714285671,76.02122707024843,0.09149696650881291
302,2024-02-17 03:33:00,432.62,432.575,432.62,432.555,77128,33459200.0,1708111980,,,,,,,,,,,71.40127415408946,101.38928733490735,0.3154285714285671,76.02122707024843,-3.4427249277121215
303,2024-02-17 03:34:00,432.625,432.42,432.625,432.325,84108,36446208.0,1708112040,,,,,,,,,,,65.57557319996963,101.38928733490735,0.3154285714285671,76.02122707024843,-6.373873932511212
304,2024-02-17 03:35:00,432.44,432.469,432.471,432.365,39540,17136640.0,1708112100,,,,,,,,,,,60.688837536369135,101.68815556087839,0.29614285714285415,76.02122707024843,-15.775120978946301
305,2024-02-17 03:36:00,432.535,432.525,432.554,432.525,49584,21491712.0,1708112160,,,,,,,,,,,57.46223683523442,101.68815556087839,0.29614285714285415,76.02122707024843,-18.88206140595569
306,2024-02-17 03:37:00,432.515,432.445,432.515,432.44,32032,13874176.0,1708112220,,,,,,,,,,,53.06324436922094,101.68815556087839,0.29614285714285415,76.02122707024843,-17.925066592159386
307,2024-02-17 03:38:00,432.455,432.275,432.51,432.275,61068,26451968.0,1708112280,,,,,,,,,,,45.35975882166147,101.68815556087839,0.29614285714285415,76.02122707024843,-20.77235363117753
308,2024-02-17 03:39:00,432.255,432.267,432.275,432.15,107084,46384128.0,1708112340,,,,,,,,,,,38.396031395776674,101.68815556087839,0.29614285714285415,76.02122707024843,-29.444109130503733
309,2024-02-17 03:40:00,432.245,432.223,432.265,432.223,32584,14108672.0,1708112400,,,,,,,,,,,31.371967989360712,100.1585608592622,0.30749999999999644,76.02122707024843,-34.286025574417316
310,2024-02-17 03:41:00,432.18,432.305,432.316,432.18,87948,38107136.0,1708112460,,,,,,,,,,,26.808814617909917,100.1585608592622,0.30749999999999644,76.02122707024843,-38.47320664185294
311,2024-02-17 03:42:00,432.165,432.065,432.175,432.055,46212,20000768.0,1708112520,,,,,,,,,,,17.716129128622242,100.1585608592622,0.30749999999999644,76.02122707024843,-38.624016950975225
312,2024-02-17 03:43:00,432.109,432.125,432.165,432.09,94888,41111552.0,1708112580,,,,,,,,,,,10.961095861826692,100.1585608592622,0.30749999999999644,76.02122707024843,-46.07454203429936
313,2024-02-17 03:44:00,432.145,432.205,432.235,432.145,45664,19769344.0,1708112640,,,,,,,,,,,6.714481832073915,100.1585608592622,0.30749999999999644,76.02122707024843,-51.53656270322456
314,2024-02-17 03:45:00,432.205,432.085,432.205,432.085,64152,27783168.0,1708112700,,,,,,,,,,,0.5781598174727947,96.72801653722183,0.30614285714285316,76.02122707024843,-52.68969580512892
315,2024-02-17 03:46:00,432.085,431.815,432.085,431.815,61332,26544128.0,1708112760,,,,,,,,,,,-5.375233475395589,96.72801653722183,0.30614285714285316,76.02122707024843,-55.90846033142035
316,2024-02-17 03:47:00,431.335,431.34,431.34,431.175,226764,98086912.0,1708112820,,,,,,,,,,,-8.79041151843171,96.72801653722183,0.30614285714285316,76.02122707024843,-62.29557451309978
317,2024-02-17 03:48:00,431.245,430.485,431.245,430.485,1018456,441976832.0,1708112880,,,,,,,,,,,-13.432713753641053,96.72801653722183,0.30614285714285316,76.02122707024843,-70.15627076081756
318,2024-02-17 03:49:00,430.237,430.61,430.61,430.02,424056,183018496.0,1708112940,,,,,,,,,,,-13.607664552542204,96.72801653722183,0.30614285714285316,76.02122707024843,-74.28618621133955
319,2024-02-17 03:50:00,430.645,430.405,430.645,430.405,146460,63211520.0,1708113000,,,,,,,,,,,-14.934572613225598,84.16911268541585,0.4315714285714226,76.02122707024843,-74.45444394984435
320,2024-02-17 03:51:00,430.415,430.156,430.415,430.155,133156,57432064.0,1708113060,,,,,,,,,,,-17.57393093987841,84.16911268541585,0.4315714285714226,76.02122707024843,-75.18062485576974
321,2024-02-17 03:52:00,430.18,430.195,430.291,430.18,141852,61184000.0,1708113120,,,,,,,,,,,-19.522776722474376,84.16911268541585,0.4315714285714226,76.02122707024843,-76.33869557027042
322,2024-02-17 03:53:00,430.245,430.005,430.245,430.005,104700,45133824.0,1708113180,,,,,,,,,,,-22.237273644595078,84.16911268541585,0.4315714285714226,76.02122707024843,-76.91359941382831
323,2024-02-17 03:54:00,429.975,429.925,430.025,429.851,157248,67795968.0,1708113240,,,,,,,,,,,-24.05109716102116,84.16911268541585,0.4315714285714226,76.02122707024843,-77.71830058945741
324,2024-02-17 03:55:00,429.945,430.026,430.185,429.945,123544,53261312.0,1708113300,,,,,,,,,,,-24.896852721450173,71.4957532125235,0.44185714285714134,76.02122707024843,-78.04778012284999
325,2024-02-17 03:56:00,429.975,430.155,430.175,429.96,111424,48029696.0,1708113360,,,,,,,,,,,-24.69523736750878,71.4957532125235,0.44185714285714134,76.02122707024843,-78.01132584683586
326,2024-02-17 03:57:00,430.035,430.15,430.15,430.005,501656,217638912.0,1708113420,,,,,,,,,,,-24.397107968480938,71.4957532125235,0.44185714285714134,76.02122707024843,-77.61389937626934
327,2024-02-17 03:58:00,430.095,430.075,430.25,430.075,81532,35121152.0,1708113480,,,,,,,,,,,-24.447930162879047,71.4957532125235,0.44185714285714134,76.02122707024843,-77.29517061720045
328,2024-02-17 03:59:00,430.055,430.105,430.125,429.974,93060,40087552.0,1708113540,,,,,,,,,,,-24.16676325951562,71.4957532125235,0.44185714285714134,76.02122707024843,-77.2675451379824
329,2024-02-17 04:00:00,430.125,430.285,430.31,430.125,103224,44470272.0,1708113600,,,,,,,,,,,-22.643733719699014,61.74485118095468,0.4515000000000019,73.66311777610005,-77.11154925611807
330,2024-02-17 04:01:00,430.215,430.445,430.445,430.185,96196,41441280.0,1708113660,,,,,,,,,,,-20.158895684114725,61.74485118095468,0.4515000000000019,73.66311777610005,-76.25808905909388
331,2024-02-17 04:02:00,430.405,430.135,430.405,430.135,158892,68483072.0,1708113720,,,,,,,,,,,-19.746124338600893,61.74485118095468,0.4515000000000019,73.66311777610005,-74.71871882960562
332,2024-02-17 04:03:00,430.05,430.13,430.13,430.005,50188,21598208.0,1708113780,,,,,,,,,,,-19.248399045933496,61.74485118095468,0.4515000000000019,73.66311777610005,-75.1187496421719
333,2024-02-17 04:04:00,430.145,430.135,430.145,430.105,45736,19677184.0,1708113840,,,,,,,,,,,-18.634273763534196,61.74485118095468,0.4515000000000019,73.66311777610005,-75.34999864264351
334,2024-02-17 04:05:00,430.155,429.975,430.155,429.935,79252,34129920.0,1708113900,,,,,,,,,,,-19.004204286430436,51.144557383328376,0.4720000000000003,73.66311777610005,-75.41972288472702
335,2024-02-17 04:06:00,429.965,430.03,430.101,429.965,56132,24154112.0,1708113960,,,,,,,,,,,-18.86927536295257,51.144557383328376,0.4720000000000003,73.66311777610005,-76.25405302751565
336,2024-02-17 04:07:00,430.005,430.045,430.085,429.895,65444,28164096.0,1708114020,,,,,,,,,,,-18.544483595845108,51.144557383328376,0.4720000000000003,73.66311777610005,-76.47667226282273
337,2024-02-17 04:08:00,429.955,430.025,430.035,429.945,52320,22511616.0,1708114080,,,,,,,,,,,-18.27886440984902,51.144557383328376,0.4720000000000003,73.66311777610005,-76.50891762151679
338,2024-02-17 04:09:00,430.045,429.975,430.045,429.955,63792,27437056.0,1708114140,,,,,,,,,,,-18.26213816336839,51.144557383328376,0.4720000000000003,73.66311777610005,-76.59565866202476
339,2024-02-17 04:10:00,430.015,430.045,430.045,429.855,76272,32804864.0,1708114200,,,,,,,,,,,-17.697100499424813,42.1283691777449,0.4642142857142874,73.66311777610005,-76.88923338498137
340,2024-02-17 04:11:00,430.04,429.864,430.065,429.864,41028,17655808.0,1708114260,,,,,,,,,,,-18.262654221418366,42.1283691777449,0.4642142857142874,73.66311777610005,-76.65833363220459
341,2024-02-17 04:12:00,429.733,429.665,429.735,429.665,179408,77187072.0,1708114320,,,,,,,,,,,-18.755908006771165,42.1283691777449,0.4642142857142874,73.66311777610005,-77.49472334753378
342,2024-02-17 04:13:00,429.735,429.645,429.735,429.625,75260,32362496.0,1708114380,,,,,,,,,,,-18.97932623256419,42.1283691777449,0.4642142857142874,73.66311777610005,-78.07827803194431
343,2024-02-17 04:14:00,429.705,429.965,429.965,429.705,87800,37769216.0,1708114440,,,,,,,,,,,-17.120321029464748,42.1283691777449,0.4642142857142874,73.66311777610005,-78.35803628865486
344,2024-02-17 04:15:00,429.885,429.915,429.965,429.845,70300,30244864.0,1708114500,,,,,,,,,,,-15.683494434247713,34.58161411825779,0.460642857142858,73.66311777610005,-76.7425580555968
345,2024-02-17 04:16:00,429.87,429.945,429.965,429.87,66964,28821504.0,1708114560,,,,,,,,,,,-14.06425753477756,34.58161411825779,0.460642857142858,73.66311777610005,-75.62573167461878
346,2024-02-17 04:17:00,429.885,430.015,430.03,429.885,68184,29374464.0,1708114620,,,,,,,,,,,-12.097881135529043,34.58161411825779,0.460642857142858,73.66311777610005,-74.35346952581548
347,2024-02-17 04:18:00,430.09,429.775,430.09,429.775,99376,42770432.0,1708114680,,,,,,,,,,,-11.802291556025821,34.58161411825779,0.460642857142858,73.66311777610005,-72.37105508033389
348,2024-02-17 04:19:00,429.795,430.045,430.045,429.795,75372,32415744.0,1708114740,,,,,,,,,,,-9.685266920955371,34.58161411825779,0.460642857142858,73.66311777610005,-73.74975323725378
349,2024-02-17 04:20:00,430.06,430.15,430.15,430.06,105428,45414400.0,1708114800,,,,,,,,,,,-7.049224104049934,29.2309050506844,0.46635714285714663,73.66311777610005,-71.028790887931
350,2024-02-17 04:21:00,430.165,430.175,430.255,430.125,109516,47163392.0,1708114860,,,,,,,,,,,-4.430397190329316,29.2309050506844,0.46635714285714663,73.66311777610005,-65.98402184723794
351,2024-02-17 04:22:00,430.175,430.205,430.285,430.155,99660,42940416.0,1708114920,,,,,,,,,,,-1.8398020009299998,29.2309050506844,0.46635714285714663,73.66311777610005,-59.55788599770838
352,2024-02-17 04:23:00,430.015,430.235,430.235,429.965,94952,40884224.0,1708114980,,,,,,,,,,,1.0044629985004079,29.2309050506844,0.46635714285714663,73.66311777610005,-51.01252464314261
353,2024-02-17 04:24:00,430.315,430.365,430.375,430.31,140956,60758016.0,1708115040,,,,,,,,,,,4.501658992241836,29.2309050506844,0.46635714285714663,73.66311777610005,-39.611103050544315
354,2024-02-17 04:25:00,430.325,430.295,430.395,430.285,89588,38574080.0,1708115100,,,,,,,,,,,7.1531856478542295,25.33544029810973,0.48671428571428726,73.66311777610005,-10.278743145460645
355,2024-02-17 04:26:00,430.375,430.31,430.375,430.31,40720,17516544.0,1708115160,,,,,,,,,,,9.799328691772843,25.33544029810973,0.48671428571428726,73.66311777610005,2.0481642424225996
356,2024-02-17 04:27:00,430.295,430.235,430.295,430.235,107172,46174208.0,1708115220,,,,,,,,,,,11.628336248454872,25.33544029810973,0.48671428571428726,73.66311777610005,12.13580023686958
357,2024-02-17 04:28:00,430.155,430.311,430.311,430.155,58804,25307136.0,1708115280,,,,,,,,,,,13.83028967218862,25.33544029810973,0.48671428571428726,73.66311777610005,6.339509313700075
358,2024-02-17 04:29:00,430.335,430.335,430.335,430.235,92044,39657472.0,1708115340,,,,,,,,,,,16.039969088792894,25.33544029810973,0.48671428571428726,73.66311777610005,14.522995894509796
359,2024-02-17 04:30:00,430.295,430.27,430.305,430.215,77476,33380352.0,1708115400,,,,,,,,,,,17.767445833092985,21.775804445553547,0.48457142857143204,71.49003510758895,22.53515845047236
360,2024-02-17 04:31:00,430.275,430.269,430.345,430.269,50336,21665792.0,1708115460,,,,,,,,,,,21.475411883784915,21.775804445553547,0.48457142857143204,71.49003510758895,17.82451468032372
361,2024-02-17 04:32:00,430.16,430.145,430.205,430.125,109300,47089664.0,1708115520,,,,,,,,,,,23.734922952625496,21.775804445553547,0.48457142857143204,71.49003510758895,14.998504266217862
362,2024-02-17 04:33:00,430.165,429.985,430.165,429.915,114832,49428480.0,1708115580,,,,,,,,,,,26.351048095806142,21.775804445553547,0.48457142857143204,71.49003510758895,-6.847313596919632
363,2024-02-17 04:34:00,430.005,430.155,430.255,430.005,75948,32692224.0,1708115640,,,,,,,,,,,31.854915937055793,21.775804445553547,0.48457142857143204,71.49003510758895,-39.16240127227706
364,2024-02-17 04:35:00,430.125,430.195,430.195,430.085,41272,17743872.0,1708115700,,,,,,,,,,,40.09302540379077,18.236406309651983,0.49778571428571794,71.49003510758895,-37.42390390253763
365,2024-02-17 04:36:00,430.175,430.195,430.195,430.085,50764,21821440.0,1708115760,,,,,,,,,,,47.400085960227294,18.236406309651983,0.49778571428571794,71.49003510758895,-30.64455214249449
366,2024-02-17 04:37:00,430.075,430.045,430.15,430.045,54084,23293952.0,1708115820,,,,,,,,,,,50.36768868187055,18.236406309651983,0.49778571428571794,71.49003510758895,-25.267580950065426
367,2024-02-17 04:38:00,430.006,429.955,430.055,429.955,48152,20731904.0,1708115880,,,,,,,,,,,50.85902529272819,18.236406309651983,0.49778571428571794,71.49003510758895,-39.55143997405104
368,2024-02-17 04:39:00,429.881,429.88,429.915,429.875,135892,58540032.0,1708115940,,,,,,,,,,,49.49188827027315,18.236406309651983,0.49778571428571794,71.49003510758895,-52.137364827908314
369,2024-02-17 04:40:00,429.895,429.815,429.895,429.755,1306540,563191808.0,1708116000,,,,,,,,,,,46.70430230479571,12.983058974828353,0.5103571428571456,71.49003510758895,-60.816042885684034
370,2024-02-17 04:41:00,429.745,429.455,429.745,429.405,186368,80171008.0,1708116060,,,,,,,,,,,40.662030686951816,12.983058974828353,0.5103571428571456,71.49003510758895,-66.58145625611519
371,2024-02-17 04:42:00,429.655,429.445,429.655,429.405,125996,54241280.0,1708116120,,,,,,,,,,,35.05542744551725,12.983058974828353,0.5103571428571456,71.49003510758895,-72.10277231832514
372,2024-02-17 04:43:00,429.465,429.52,429.585,429.465,105092,45203456.0,1708116180,,,,,,,,,,,31.410950311853085,12.983058974828353,0.5103571428571456,71.49003510758895,-74.67200055312698
373,2024-02-17 04:44:00,429.509,429.435,429.509,429.365,77964,33533952.0,1708116240,,,,,,,,,,,27.27118212638885,12.983058974828353,0.5103571428571456,71.49003510758895,-75.16396319608697
374,2024-02-17 04:45:00,429.405,429.375,429.405,429.285,110432,47503360.0,1708116300,,,,,,,,,,,23.816660886191116,7.757472503608938,0.5189285714285704,71.49003510758895,-75.9655567641126
375,2024-02-17 04:46:00,429.415,429.525,429.645,429.415,203108,87461888.0,1708116360,,,,,,,,,,,23.348499457293542,7.757472503608938,0.5189285714285704,71.49003510758895,-76.2380596413905
376,2024-02-17 04:47:00,429.545,429.335,429.545,429.305,128900,55468032.0,1708116420,,,,,,,,,,,19.697768586948847,7.757472503608938,0.5189285714285704,71.49003510758895,-74.4740300643416
377,2024-02-17 04:48:00,429.325,429.305,429.355,429.205,123200,53000192.0,1708116480,,,,,,,,,,,17.195165606734086,7.757472503608938,0.5189285714285704,71.49003510758895,-75.709789979001
378,2024-02-17 04:49:00,429.225,429.085,429.295,429.085,117156,50364416.0,1708116540,,,,,,,,,,,13.370069934736314,7.757472503608938,0.5189285714285704,71.49003510758895,-75.81189377328364
379,2024-02-17 04:50:00,429.105,428.765,429.105,428.765,192072,82573312.0,1708116600,,,,,,,,,,,9.978564060752767,2.716259939979693,0.5529285714285704,71.49003510758895,-77.06899205902268
380,2024-02-17 04:51:00,428.815,429.065,429.175,428.815,201820,86790144.0,1708116660,,,,,,,,,,,10.497218850011834,2.716259939979693,0.5529285714285704,71.49003510758895,-77.81332816185277
381,2024-02-17 04:52:00,429.225,429.065,429.27,429.035,218684,94078976.0,1708116720,,,,,,,,,,,10.984170084768387,2.716259939979693,0.5529285714285704,71.49003510758895,-74.60356764344867
382,2024-02-17 04:53:00,429.005,428.885,429.005,428.835,129624,55664640.0,1708116780,,,,,,,,,,,9.330910325373225,2.716259939979693,0.5529285714285704,71.49003510758895,-70.97437501576795
383,2024-02-17 04:54:00,428.755,428.85,428.85,428.755,388844,167968768.0,1708116840,,,,,,,,,,,7.582079608480612,2.716259939979693,0.5529285714285704,71.49003510758895,-72.29348066415635
384,2024-02-17 04:55:00,428.825,429.175,429.175,428.825,320352,137781248.0,1708116900,,,,,,,,,,,9.837963738031007,0.21253415727071,0.5710714285714289,71.49003510758895,-73.49254483569372
385,2024-02-17 04:56:00,429.245,429.235,429.345,429.235,650080,279844864.0,1708116960,,,,,,,,,,,12.572373315462784,0.21253415727071,0.5710714285714289,71.49003510758895,-63.7534638570863
386,2024-02-17 04:57:00,429.175,429.095,429.285,429.095,170196,73199616.0,1708117020,,,,,,,,,,,13.39711565240686,0.21253415727071,0.5710714285714289,71.49003510758895,-38.1279673794565
387,2024-02-17 04:58:00,429.145,429.205,429.205,429.115,267232,114974720.0,1708117080,,,,,,,,,,,15.429998869526585,0.21253415727071,0.5710714285714289,71.49003510758895,-32.057983017436314
388,2024-02-17 04:59:00,429.271,429.135,429.271,429.125,461296,198498304.0,1708117140,,,,,,,,,,,16.43852131712812,0.21253415727071,0.5710714285714289,71.49003510758895,7.611650468038913
