,dt_1D,open,close,high,low,vol,turnover,m1,m2,long,short,long_stop,short_stop,long_in,long_out,short_in,short_out,profit_rate
0,20210712,64.782,64.767,64.982,63.757,21781548,2827422976.0,0.0,0.0,0,0,0,0,0,0,0,0,
1,20210713,64.572,64.732,66.402,63.807,29862500,3929982976.0,-0.0,-0.002,0,0,0,0,0,0,0,0,
2,20210714,66.062,65.087,66.402,64.617,34010672,4503135232.0,0.004,0.015,0,0,0,0,0,0,0,0,
3,20210715,65.087,63.727,65.937,62.612,34298240,4415888384.0,-0.01,-0.042,0,0,0,1,0,0,0,0,
4,20210716,64.209,62.147,64.711,61.967,31850724,4059370496.0,-0.045,-0.169,0,0,1,0,0,0,0,0,
5,20210719,60.287,60.642,62.047,59.272,50571604,6130035712.0,-0.098,-0.343,0,0,0,0,0,0,0,0,
6,20210720,61.102,62.662,63.502,60.237,30386172,3809417472.0,-0.121,-0.37,0,0,0,0,0,0,0,0,
7,20210721,62.537,64.107,64.332,62.102,20440840,2608053760.0,-0.123,-0.311,0,0,0,0,0,0,0,0,
8,20210722,64.307,65.467,66.162,64.152,23739352,3110690816.0,-0.106,-0.19,0,0,0,0,0,0,0,0,
9,20210723,66.232,67.662,67.932,65.562,25974612,3513141760.0,-0.06,0.021,0,0,0,1,0,0,0,0,
10,20210726,67.392,67.947,68.159,66.907,21494408,2933227008.0,-0.014,0.199,0,0,0,1,0,0,0,0,
11,20210727,67.797,65.707,68.122,63.312,44695528,5754488832.0,0.0,0.22,0,0,0,0,0,0,0,0,
12,20210728,66.312,66.432,67.217,65.044,35985064,4818375680.0,0.023,0.27,0,0,0,0,0,0,0,0,
13,20210729,66.122,66.762,67.427,64.467,22159624,2994382848.0,0.049,0.323,0,0,0,0,0,0,0,0,
14,20210730,64.557,65.752,66.042,64.147,28279692,3738059008.0,0.06,0.308,0,0,0,0,0,0,0,0,
15,20210802,66.652,65.732,66.977,65.437,27279954,3641074176.0,0.07,0.291,0,0,0,0,0,0,0,0,
16,20210803,66.102,66.887,66.982,64.323,31708912,4204673536.0,0.095,0.334,0,0,0,0,0,0,0,0,
17,20210804,66.927,67.222,67.747,66.357,24214242,3277250048.0,0.123,0.381,0,0,0,0,0,0,0,0,
18,20210805,67.662,68.497,68.607,67.317,19335126,2659200000.0,0.166,0.478,0,0,0,0,0,0,0,0,
19,20210806,67.777,67.597,68.437,67.002,21576490,2945619968.0,0.195,0.501,0,0,0,0,0,0,0,0,
20,20210809,67.837,67.962,68.267,67.242,17105448,2341420032.0,0.227,0.532,0,0,0,0,0,0,0,0,
21,20210810,68.267,66.937,68.428,66.242,26540608,3600503040.0,0.243,0.495,0,0,1,1,0,0,0,0,
22,20210811,67.632,66.572,67.907,65.814,23296976,3133814016.0,0.253,0.441,0,0,0,0,0,0,0,0,
23,20210812,66.287,67.272,67.467,65.532,19905052,2679587584.0,0.271,0.43,0,0,1,0,0,0,0,0,
24,20210813,67.472,67.952,68.179,67.077,18322350,2498350080.0,0.298,0.451,0,0,1,1,0,0,0,0,
25,20210816,67.352,68.072,68.122,65.192,30660392,4124465152.0,0.324,0.468,0,0,0,0,0,0,0,0,
26,20210817,66.487,66.267,67.432,64.872,41598792,5537205248.0,0.324,0.381,0,0,0,0,0,0,0,0,
27,20210818,65.932,64.322,66.741,63.692,32521180,4324010496.0,0.298,0.207,0,0,0,0,0,0,0,0,
28,20210819,63.252,65.247,66.182,62.437,40811904,5333899776.0,0.286,0.117,0,0,0,0,0,0,0,0,
29,20210820,65.857,67.282,67.502,64.382,31270574,4219268864.0,0.301,0.151,0,0,0,0,0,0,0,0,
30,20210823,67.897,70.307,70.722,67.772,24133064,3384849920.0,0.356,0.333,0,0,0,0,0,0,0,0,
31,20210824,70.687,71.007,71.347,70.372,18171736,2600560640.0,0.417,0.507,0,0,0,1,0,0,0,0,
32,20210825,71.127,71.087,71.567,70.703,19031756,2718889984.0,0.476,0.64,0,0,0,0,0,0,0,0,
33,20210826,70.717,69.872,71.111,69.642,26751242,3800265728.0,0.514,0.672,0,0,0,0,0,0,0,0,
34,20210827,70.227,71.932,72.172,70.052,23079960,3320800000.0,0.578,0.795,0,0,0,0,0,0,0,0,
35,20210830,72.382,74.337,74.629,72.127,22817596,3392270080.0,0.669,1.006,0,0,0,0,0,0,0,0,
36,20210831,74.492,74.127,75.327,73.292,22948968,3411529984.0,0.753,1.146,0,0,0,0,0,0,0,0,
37,20210901,74.797,74.537,75.732,74.317,23891984,3609560064.0,0.836,1.262,0,0,0,0,0,0,0,0,
38,20210902,75.357,74.432,75.537,73.687,23824708,3585096192.0,0.913,1.33,0,0,0,0,0,0,0,0,
39,20210903,73.732,75.107,75.382,73.697,23323696,3510850048.0,0.993,1.401,0,0,0,0,0,0,0,0,
40,20210907,75.157,75.417,75.807,74.507,22592672,3429097984.0,1.073,1.454,0,0,0,0,0,0,0,0,
41,20210908,75.287,74.637,75.482,73.247,31711510,4732830208.0,1.136,1.436,0,0,0,0,0,0,0,0,
42,20210909,74.747,73.832,75.419,73.562,27643380,4130880000.0,1.184,1.362,0,0,0,0,0,0,0,0,
43,20210910,74.882,72.157,75.302,71.967,34608872,5145970176.0,1.206,1.199,0,0,1,0,0,0,0,0,
44,20210913,73.527,71.992,73.727,70.782,38887344,5606040064.0,1.223,1.048,0,0,0,0,0,0,0,0,
45,20210914,72.857,71.367,73.248,70.819,29814578,4299879936.0,1.23,0.885,0,0,0,0,0,0,0,0,
46,20210915,71.627,72.962,73.162,70.297,27946312,4019510016.0,1.257,0.828,0,0,0,0,0,0,0,0,
47,20210916,72.157,73.107,73.437,71.002,26307712,3809959936.0,1.284,0.781,0,0,0,0,0,0,0,0,
48,20210917,72.832,70.502,73.212,69.872,38662592,5396199936.0,1.273,0.599,0,0,0,0,0,0,0,0,
49,20210920,67.092,66.127,68.852,63.387,60956816,8063791616.0,1.202,0.222,0,0,0,0,0,0,0,0,
50,20210921,67.072,66.212,68.137,65.542,35850320,4831631360.0,1.136,-0.07,0,0,0,0,0,0,0,0,
51,20210922,66.812,68.167,68.962,66.242,43834708,5978480128.0,1.099,-0.195,0,0,1,0,0,0,0,0,
52,20210923,68.837,70.077,70.652,68.372,34684784,4899171328.0,1.089,-0.191,0,0,0,0,0,0,0,0,
53,20210924,68.742,70.277,70.507,68.382,27387598,3837216000.0,1.081,-0.175,0,0,0,0,0,0,0,0,
54,20210927,68.487,68.567,70.582,67.132,39177728,5393509376.0,1.05,-0.249,0,0,0,0,0,0,0,0,
55,20210928,65.952,62.797,66.312,62.437,74411456,9533440000.0,0.942,-0.603,0,0,0,0,0,0,0,0,
56,20210929,63.362,62.377,64.687,62.047,48765300,6233396224.0,0.833,-0.893,0,0,0,0,0,0,0,0,
57,20210930,63.272,61.667,64.137,61.517,58656028,7410800128.0,0.721,-1.144,0,0,0,0,0,0,0,0,
58,20211001,62.007,62.802,63.373,59.877,52177672,6475460096.0,0.63,-1.266,0,0,0,0,0,0,0,0,
59,20211004,61.932,58.902,62.327,57.622,64312864,7619619840.0,0.491,-1.547,0,0,0,0,0,0,0,0,
60,20211005,59.367,61.192,62.377,58.902,40653208,5000620032.0,0.39,-1.627,0,0,0,0,0,0,0,0,
61,20211006,59.512,62.412,63.342,58.242,58748432,7179440128.0,0.312,-1.605,0,0,0,0,0,0,0,0,
62,20211007,64.044,64.117,65.537,63.797,37704084,4915659776.0,0.26,-1.478,0,0,0,0,0,0,0,0,
63,20211008,64.717,63.122,65.507,62.877,39283044,5041699840.0,0.198,-1.412,0,0,0,1,0,0,0,0,
64,20211011,62.312,61.707,64.227,61.267,34054124,4300440064.0,0.12,-1.416,0,0,0,0,0,0,0,0,
65,20211012,62.467,61.072,62.722,60.257,43600664,5383880192.0,0.038,-1.433,0,0,0,0,0,0,0,0,
66,20211013,62.272,62.517,63.037,61.017,35229664,4378140160.0,-0.02,-1.353,0,0,0,0,0,0,0,0,
67,20211014,64.437,66.002,66.482,63.837,30437940,3986700032.0,-0.028,-1.092,0,0,0,0,0,0,0,0,
68,20211015,66.682,67.237,67.377,66.173,25714188,3462660864.0,-0.018,-0.81,0,0,0,0,0,0,0,0,
69,20211018,66.507,69.272,69.417,66.082,25220238,3443190016.0,0.018,-0.474,0,0,0,0,0,0,0,0,
70,20211019,69.902,70.807,71.217,69.542,26612676,3754970112.0,0.074,-0.127,0,0,0,0,0,0,0,0,
71,20211020,71.127,70.582,71.482,69.742,29677486,4234468608.0,0.122,0.134,0,0,0,0,0,0,0,0,
72,20211021,70.099,71.857,71.984,69.637,23025128,3301882624.0,0.186,0.402,0,0,0,1,0,0,0,0,
73,20211022,71.117,70.022,71.684,69.077,35062152,4973170176.0,0.22,0.51,0,0,0,0,0,0,0,0,
74,20211025,70.876,72.142,72.807,69.747,29738952,4261900032.0,0.281,0.697,0,0,0,0,0,0,0,0,
75,20211026,73.542,72.822,74.972,72.232,41993896,6206750208.0,0.348,0.87,0,0,0,0,0,0,0,0,
76,20211027,73.162,73.402,75.227,72.282,36267640,5383520256.0,0.418,1.023,0,0,0,0,0,0,0,0,
77,20211028,74.537,75.832,76.007,73.882,32684876,4903830016.0,0.517,1.256,0,0,0,0,0,0,0,0,
78,20211029,73.977,76.962,77.357,73.507,33629556,4837459968.0,0.625,1.479,0,0,0,0,0,0,0,0,
79,20211101,77.282,77.727,78.042,76.052,32511368,5039986688.0,0.736,1.674,0,0,0,0,0,0,0,0,
80,20211102,77.394,78.772,79.061,77.187,30042910,4752517632.0,0.855,1.858,0,0,0,0,0,0,0,0,
81,20211103,79.052,81.292,82.162,78.472,36302612,5820432384.0,1.0,2.108,0,0,0,0,0,0,0,0,
82,20211104,82.097,84.347,85.047,81.752,40219960,6789351936.0,1.178,2.435,0,0,0,0,0,0,0,0,
83,20211105,85.612,84.662,86.187,83.776,42626356,7318228992.0,1.348,2.674,0,0,0,0,0,0,0,0,
84,20211108,84.632,84.312,85.287,83.657,28229932,4797819904.0,1.503,2.807,0,0,0,0,0,0,0,0,
85,20211109,85.007,82.562,85.252,81.682,44059408,7340919808.0,1.625,2.784,0,0,0,0,0,0,0,0,
86,20211110,80.742,78.917,82.529,77.707,48488552,7779250176.0,1.689,2.54,0,0,0,0,0,0,0,0,
87,20211111,80.757,79.562,80.897,79.362,28859516,4631099904.0,1.756,2.351,0,0,1,0,0,0,0,0,
88,20211112,80.287,82.107,82.407,79.292,31910196,5206049792.0,1.853,2.305,0,0,0,0,0,0,0,0,
89,20211115,82.837,82.082,83.377,80.477,34864552,5742524928.0,1.942,2.238,0,0,0,0,0,0,0,0,
90,20211116,81.527,83.792,84.082,81.432,25795404,4312549888.0,2.048,2.245,0,0,0,0,0,0,0,0,
91,20211117,83.987,83.892,85.222,83.287,28984766,4887589888.0,2.148,2.227,0,0,1,1,0,0,0,0,
92,20211118,85.222,86.477,86.917,83.852,43421136,7472760320.0,2.275,2.318,0,0,0,0,0,0,0,0,
93,20211119,87.597,87.952,88.777,86.962,32303578,5716499968.0,2.413,2.436,0,0,0,0,0,0,0,0,
94,20211122,89.027,84.882,91.042,84.632,44761200,7913970176.0,2.499,2.337,0,0,1,1,0,0,0,0,
95,20211123,84.107,83.717,85.457,80.812,56506352,9394140160.0,2.563,2.168,0,0,0,0,0,0,0,0,
96,20211124,82.037,84.497,84.812,80.572,49560404,8286991360.0,2.632,2.049,0,0,0,0,0,0,0,0,
97,20211126,82.772,79.802,83.642,78.857,44420568,7254894080.0,2.631,1.686,0,0,0,0,0,0,0,0,
98,20211129,82.482,84.797,85.542,81.437,39732972,6670329856.0,2.696,1.641,0,0,0,0,0,0,0,0,
99,20211130,84.222,81.127,85.757,79.777,75647024,12426699776.0,2.706,1.394,0,0,0,0,0,0,0,0,
100,20211201,83.812,76.932,85.167,76.227,76028928,12464900096.0,2.656,0.965,0,0,0,0,0,0,0,0,
101,20211202,76.092,78.392,79.617,75.277,99108232,15545305088.0,2.626,0.694,0,0,0,0,0,0,0,0,
102,20211203,79.382,74.422,80.457,71.897,120143440,17938399232.0,2.543,0.268,0,0,0,0,0,0,0,0,
103,20211206,74.677,76.177,77.012,72.302,76207080,11476500480.0,2.486,0.023,0,0,0,0,0,0,0,0,
104,20211207,80.267,83.102,84.207,79.782,67645840,11164800000.0,2.524,0.192,0,0,0,0,0,0,0,0,
105,20211208,83.327,84.267,84.882,82.157,51310824,8574709760.0,2.573,0.382,0,0,0,0,0,0,0,0,
106,20211209,83.457,80.602,84.617,80.117,53200480,8813689856.0,2.568,0.335,0,0,0,0,0,0,0,0,
107,20211210,82.267,83.117,83.287,80.307,50768848,8366810112.0,2.595,0.424,0,0,0,0,0,0,0,0,
108,20211213,83.117,79.517,84.382,79.157,44787008,7304659968.0,2.57,0.301,0,0,0,0,0,0,0,0,
109,20211214,76.442,77.132,79.962,74.317,57730816,8828439552.0,2.512,0.077,0,0,0,0,0,0,0,0,
110,20211215,76.862,82.277,83.107,74.432,67265928,10436700160.0,2.525,0.169,0,0,0,0,0,0,0,0,
111,20211216,82.887,75.952,84.892,74.877,74054664,11613200384.0,2.45,-0.09,0,0,0,0,0,0,0,0,
112,20211217,73.797,74.782,77.242,72.952,75068688,11324699648.0,2.362,-0.351,0,0,1,0,0,0,0,0,
113,20211220,71.892,72.527,73.892,70.657,60461816,8760113152.0,2.246,-0.668,0,0,0,0,0,0,0,0,
114,20211221,74.462,77.417,77.597,72.264,54781696,8237879808.0,2.201,-0.651,0,0,0,0,0,0,0,0,
115,20211222,77.172,80.202,80.557,76.432,44305676,7034202112.0,2.194,-0.486,0,0,0,0,0,0,0,0,
116,20211223,80.467,82.122,83.007,80.267,32826536,5420766720.0,2.212,-0.25,1,0,0,1,1,0,0,0,
117,20211227,82.927,86.077,86.407,82.502,31490778,5358400000.0,2.281,0.142,0,0,0,0,0,0,0,0,
118,20211228,86.762,85.057,87.622,84.409,36205276,6239229440.0,2.33,0.392,1,0,0,1,1,0,0,0,
119,20211229,85.037,84.922,86.017,83.422,28874020,4925940224.0,2.372,0.575,0,0,0,0,0,0,0,0,
120,20211230,84.767,84.122,86.202,82.882,28317512,4866112512.0,2.4,0.669,0,0,0,0,0,0,0,0,
121,20211231,83.697,82.547,84.552,82.257,30124282,5046269952.0,2.402,0.652,0,0,0,0,0,0,0,0,
122,20220103,83.297,84.947,85.291,81.962,38251872,6433840128.0,2.435,0.754,0,0,0,0,0,0,0,0,
123,20220104,85.297,81.622,86.132,79.647,53324392,8782857216.0,2.42,0.652,0,0,1,1,0,1,0,0,-0.0525065559697544
124,20220105,80.572,74.057,81.382,73.317,66624144,10385600512.0,2.301,0.17,0,0,0,0,0,0,0,0,
125,20220106,72.897,73.852,75.742,71.607,77113312,11433100288.0,2.184,-0.218,0,0,0,0,0,0,0,0,
126,20220107,73.832,71.417,74.827,70.397,71356352,10395141120.0,2.04,-0.644,0,0,1,0,0,0,0,0,
127,20220110,68.557,71.682,72.172,65.457,89608752,12233799680.0,1.906,-0.954,0,0,0,0,0,0,0,0,
128,20220111,71.097,74.862,74.987,69.967,77163416,11317600256.0,1.82,-1.017,0,0,0,0,0,0,0,0,
129,20220112,76.367,75.722,77.327,74.007,69185584,10566299648.0,1.75,-1.009,0,0,0,0,0,0,0,0,
130,20220113,75.894,69.564,76.264,68.764,86767504,6354549760.0,1.6,-1.31,0,0,0,0,0,0,0,0,
131,20220114,67.854,70.634,70.994,66.864,89225816,6301400064.0,1.471,-1.471,0,0,0,0,0,0,0,0,
132,20220118,67.249,65.454,68.434,64.714,78170872,5258039808.0,1.278,-1.847,0,0,0,0,0,0,0,0,
133,20220119,66.124,63.134,67.414,62.614,91642200,6115175936.0,1.064,-2.236,0,0,0,0,0,0,0,0,
134,20220120,64.784,60.644,66.924,58.184,86098528,5550130176.0,0.828,-2.64,0,0,0,0,0,0,0,0,
135,20220121,59.384,55.434,60.749,54.764,171027344,10164535296.0,0.535,-3.191,0,0,0,0,0,0,0,0,
136,20220124,52.609,56.254,56.524,46.974,255904576,13463930880.0,0.269,-3.536,0,0,0,0,0,0,0,0,
137,20220125,52.914,52.014,55.014,49.214,173748992,9306549248.0,-0.04,-3.98,0,0,0,0,0,0,0,0,
138,20220126,55.754,51.914,57.514,50.424,207838064,11447700480.0,-0.332,-4.279,0,0,0,0,0,0,0,0,
139,20220127,54.164,50.324,54.954,49.824,161764080,8664975360.0,-0.628,-4.539,0,0,0,0,0,0,0,0,
140,20220128,51.164,55.134,55.714,48.564,167016224,8866140160.0,-0.842,-4.433,0,0,0,0,0,0,0,0,
141,20220131,55.809,60.594,60.794,54.794,113751136,6789223424.0,-0.97,-4.009,0,0,0,0,0,0,0,0,
142,20220201,61.184,61.774,63.624,58.534,101845848,6270040064.0,-1.074,-3.565,0,0,0,1,0,0,0,0,
143,20220202,63.984,63.264,65.124,58.764,100815192,6449005056.0,-1.15,-3.095,0,0,0,0,0,0,0,0,
144,20220203,58.084,55.504,59.894,54.994,105574968,6150499840.0,-1.327,-3.093,0,0,0,0,0,0,0,0,
145,20220204,55.634,57.464,59.154,53.864,96534408,5592960000.0,-1.465,-2.948,0,0,0,0,0,0,0,0,
146,20220207,57.834,56.134,58.984,55.494,76956120,4512026112.0,-1.613,-2.867,0,0,0,0,0,0,0,0,
147,20220208,55.564,58.084,58.744,55.001,79296608,4596839936.0,-1.724,-2.665,0,0,0,0,0,0,0,0,
148,20220209,60.324,61.764,62.144,59.374,75537704,4676369408.0,-1.778,-2.281,0,0,0,0,0,0,0,0,
149,20220210,58.074,57.584,61.944,56.614,127143352,7689998848.0,-1.884,-2.17,0,0,0,0,0,0,0,0,
150,20220211,57.544,52.044,58.294,51.334,134255632,7472419840.0,-2.057,-2.343,0,0,0,0,0,0,0,0,
151,20220214,51.664,52.194,53.729,49.794,95062536,5073506816.0,-2.217,-2.44,0,0,0,0,0,0,0,0,
152,20220215,54.594,56.064,56.176,54.154,82085584,4628228096.0,-2.313,-2.282,0,0,0,0,0,0,0,0,
153,20220216,55.034,56.054,56.824,53.494,93090520,5186409984.0,-2.403,-2.131,0,0,0,0,0,0,0,0,
154,20220217,54.404,50.974,55.624,50.564,78835648,4214609920.0,-2.554,-2.248,0,0,0,0,0,0,0,0,
155,20220218,51.354,49.204,52.174,48.084,113082736,5756129792.0,-2.718,-2.403,0,0,0,0,0,0,0,0,
156,20220222,47.804,47.644,50.244,45.884,131438080,6484199936.0,-2.891,-2.573,0,0,0,0,0,0,0,0,
157,20220223,49.004,43.904,49.764,42.614,130460160,6179434496.0,-3.103,-2.867,0,0,0,0,0,0,0,0,
158,20220224,39.524,48.324,48.564,39.064,194867392,8732269568.0,-3.241,-2.829,0,0,0,0,0,0,0,0,
159,20220225,48.759,50.674,50.874,46.324,119186144,6013700096.0,-3.336,-2.64,0,0,0,0,0,0,0,0,
160,20220228,49.219,51.224,51.919,48.144,121700544,6239249920.0,-3.416,-2.431,0,0,0,1,0,0,0,0,
161,20220301,50.684,48.804,51.694,47.634,124072544,6330951168.0,-3.521,-2.361,0,0,0,0,0,0,0,0,
162,20220302,49.434,51.194,51.764,48.204,109747944,5633010176.0,-3.586,-2.153,0,0,0,0,0,0,0,0,
163,20220303,52.514,49.004,52.934,46.164,111944344,5739951104.0,-3.673,-2.076,0,0,0,0,0,0,0,0,
164,20220304,47.929,46.854,48.684,45.774,115911520,5561610240.0,-3.781,-2.101,0,0,0,0,0,0,0,0,
165,20220307,46.809,41.484,47.304,40.864,124876320,5608439808.0,-3.953,-2.372,0,0,0,0,0,0,0,0,
166,20220308,41.154,40.894,44.754,39.594,177968048,7635599872.0,-4.12,-2.583,0,0,1,0,0,0,0,0,
167,20220309,44.164,45.404,46.254,42.634,109537080,4965100032.0,-4.213,-2.479,0,0,0,0,0,0,0,0,
168,20220310,43.664,43.904,45.074,41.974,112787384,4998119936.0,-4.317,-2.444,0,0,0,0,0,0,0,0,
169,20220311,45.104,41.104,46.484,40.869,98907432,4358040064.0,-4.45,-2.531,0,0,0,0,0,0,0,0,
170,20220314,40.574,38.624,42.364,38.386,123132592,5018999808.0,-4.606,-2.694,0,0,0,0,0,0,0,0,
171,20220315,39.634,42.314,42.634,37.684,105703624,4459268608.0,-4.699,-2.595,0,0,0,0,0,0,0,0,
172,20220316,43.924,47.204,47.924,42.494,163087488,7500519936.0,-4.717,-2.23,0,0,0,0,0,0,0,0,
173,20220317,46.354,48.824,49.034,45.834,96030784,4650420224.0,-4.708,-1.832,0,0,0,0,0,0,0,0,
174,20220318,48.224,51.934,52.354,47.464,100784784,5200542208.0,-4.654,-1.337,0,0,0,0,0,0,0,0,
175,20220321,51.624,51.554,52.674,49.554,110547280,5767770112.0,-4.605,-0.954,0,0,0,0,0,0,0,0,
176,20220322,51.834,54.674,55.079,51.524,93344624,5153413120.0,-4.512,-0.48,0,0,0,0,0,0,0,0,
177,20220323,53.324,52.314,54.974,52.274,102749720,5595049984.0,-4.454,-0.228,0,0,0,0,0,0,0,0,
178,20220324,53.194,55.784,55.884,52.194,85575256,4700519936.0,-4.348,0.152,0,0,0,0,0,0,0,0,
179,20220325,55.804,55.694,56.674,53.614,99394688,5597838848.0,-4.246,0.442,0,0,0,1,0,0,0,0,
180,20220328,55.684,58.284,58.464,54.874,91703720,5295040000.0,-4.112,0.796,0,0,0,0,0,0,0,0,
181,20220329,60.284,61.334,61.719,58.554,102006696,6243650048.0,-3.94,1.22,0,0,0,0,0,0,0,0,
182,20220330,60.444,59.454,61.284,58.579,83909408,5128320000.0,-3.801,1.437,0,0,0,0,0,0,0,0,
183,20220331,59.404,56.944,60.324,56.779,84049432,5015806464.0,-3.701,1.457,0,0,0,0,0,0,0,0,
184,20220401,57.194,56.694,57.864,55.164,88081312,5052950016.0,-3.607,1.441,0,0,1,1,0,0,0,0,
185,20220404,57.144,60.314,60.364,56.534,68757520,4154797312.0,-3.466,1.597,0,0,0,0,0,0,0,0,
186,20220405,59.584,56.244,60.594,55.694,86048816,5025169920.0,-3.386,1.487,0,0,0,0,0,0,0,0,
187,20220406,53.584,52.464,55.244,51.209,148429904,7986582016.0,-3.359,1.186,0,0,0,0,0,0,0,0,
188,20220407,51.994,52.814,53.835,50.364,114826968,6148941824.0,-3.325,0.954,0,0,0,0,0,0,0,0,
189,20220408,51.984,50.604,53.954,50.194,102091224,5352070144.0,-3.321,0.646,0,0,0,0,0,0,0,0,
190,20220411,48.594,46.924,49.784,46.614,92957248,4522939904.0,-3.364,0.206,0,0,0,0,0,0,0,0,
191,20220412,48.924,46.304,49.784,45.678,123964080,6052870144.0,-3.411,-0.171,0,0,0,0,0,0,0,0,
192,20220413,46.424,49.154,49.589,46.154,95042312,4694394368.0,-3.413,-0.315,0,1,1,0,0,0,1,0,
193,20220414,49.184,45.764,49.584,45.454,83921776,4060755712.0,-3.459,-0.599,0,0,0,0,0,0,0,0,
194,20220418,45.234,45.894,46.934,44.514,87762704,4094390016.0,-3.497,-0.806,0,0,0,0,0,0,0,0,
195,20220419,45.494,48.924,49.179,45.034,86186328,4185009920.0,-3.489,-0.799,0,0,0,0,0,0,0,0,
196,20220420,49.334,46.664,49.784,46.234,107814736,5250463744.0,-3.51,-0.901,0,0,0,0,0,0,0,0,
197,20220421,48.404,43.854,49.504,43.284,134313248,6361509888.0,-3.565,-1.115,0,0,0,0,0,0,0,0,
198,20220422,43.814,40.274,44.344,39.675,124412384,5357259776.0,-3.662,-1.453,0,0,0,0,0,0,0,0,
199,20220425,39.574,41.814,41.974,38.614,166439392,6912899584.0,-3.729,-1.617,0,0,0,0,0,0,0,0,
200,20220426,40.984,36.974,41.794,35.054,166131648,6569323520.0,-3.855,-1.976,0,0,0,0,0,0,0,0,
201,20220427,36.934,36.804,38.933,36.144,158349344,6154159616.0,-3.974,-2.238,0,0,0,0,0,0,0,0,
202,20220428,38.589,40.824,41.484,37.044,172349168,6961086464.0,-4.028,-2.205,0,0,0,0,0,0,0,0,
203,20220429,39.154,35.294,40.484,34.974,160058368,6199580160.0,-4.15,-2.438,0,0,0,0,0,0,0,0,
204,20220502,35.014,37.014,37.054,33.905,155952800,5688719872.0,-4.239,-2.498,0,0,0,0,0,0,0,0,
205,20220503,36.954,37.104,37.903,36.094,142782816,5441430016.0,-4.318,-2.508,0,0,0,0,0,0,0,0,
206,20220504,37.254,40.904,41.194,35.305,219403408,8576965632.0,-4.338,-2.286,0,0,0,0,0,0,0,0,
207,20220505,39.264,34.624,40.294,33.306,227776336,8361081856.0,-4.438,-2.409,0,0,0,0,0,0,0,0,
208,20220506,33.854,33.374,35.254,31.894,233397168,8104200192.0,-4.546,-2.539,0,0,0,0,0,0,0,0,
209,20220509,31.324,29.284,32.104,28.784,210209856,6639989760.0,-4.699,-2.819,0,0,0,0,0,0,0,0,
210,20220510,31.479,30.334,31.819,29.064,231789792,7347539968.0,-4.826,-2.947,0,0,0,0,0,0,0,0,
211,20220511,29.614,27.524,31.924,27.254,264765952,8026409984.0,-4.979,-3.154,0,0,0,0,0,0,0,0,
212,20220512,26.194,27.294,28.614,25.459,295496480,8213259776.0,-5.123,-3.286,0,0,0,0,0,0,0,0,
213,20220513,28.614,30.394,30.754,28.154,197974048,6127519744.0,-5.213,-3.186,0,0,0,0,0,0,0,0,
214,20220516,29.894,29.414,30.654,28.974,159194048,4922610688.0,-5.306,-3.117,0,0,0,0,0,0,0,0,
215,20220517,31.194,31.724,31.964,30.009,153990704,4970356224.0,-5.359,-2.903,0,0,0,1,0,0,0,1,0.385491216655823
216,20220518,30.224,26.914,31.414,25.994,164052560,4833421824.0,-5.47,-2.948,0,0,0,0,0,0,0,0,
217,20220519,26.304,26.344,27.769,25.214,196007776,5462580224.0,-5.577,-2.975,0,0,0,0,0,0,0,0,
218,20220520,27.414,26.104,27.904,23.694,229055600,6063150080.0,-5.678,-2.969,0,0,0,0,0,0,0,0,
219,20220523,26.414,27.454,27.744,25.764,170520320,4695699968.0,-5.749,-2.856,0,0,0,0,0,0,0,0,
220,20220524,25.909,25.664,26.324,24.214,183244640,4798040064.0,-5.837,-2.824,0,0,0,0,0,0,0,0,
221,20220525,25.204,26.744,27.354,24.934,180642304,4943009792.0,-5.9,-2.706,0,0,0,0,0,0,0,0,
222,20220526,26.524,29.084,29.544,26.264,168567600,5022090752.0,-5.923,-2.458,0,0,0,0,0,0,0,0,
223,20220527,30.059,32.054,32.564,28.834,157517936,5070190080.0,-5.9,-2.078,0,0,0,0,0,0,0,0,
224,20220531,32.064,31.814,32.754,30.514,184579952,6075429888.0,-5.877,-1.768,0,0,0,0,0,0,0,0,
225,20220601,32.474,31.044,33.154,30.334,199447088,6535879680.0,-5.861,-1.543,0,0,0,0,0,0,0,0,
226,20220602,30.684,33.664,34.104,30.284,168430656,5577489920.0,-5.806,-1.211,0,0,0,0,0,0,0,0,
227,20220603,31.904,30.904,33.314,30.554,162361904,5270389760.0,-5.787,-1.081,0,0,0,0,0,0,0,0,
228,20220606,32.379,31.304,32.884,30.765,150479520,4950969856.0,-5.758,-0.944,0,0,0,0,0,0,0,0,
229,20220607,30.184,32.094,32.329,29.852,137443792,4461700096.0,-5.717,-0.784,0,0,0,0,0,0,0,0,
230,20220608,31.839,31.414,32.694,31.106,112852992,3743395840.0,-5.682,-0.685,0,0,0,0,0,0,0,0,
231,20220609,30.834,28.754,32.214,28.604,137979936,4387803136.0,-5.68,-0.737,0,0,0,0,0,0,0,0,
232,20220610,27.019,25.554,29.134,25.444,171676480,4702879232.0,-5.718,-0.934,0,0,0,0,0,0,0,0,
233,20220613,23.034,21.844,23.674,21.584,213365712,5049169920.0,-5.798,-1.268,0,0,1,0,0,0,0,0,
234,20220614,22.404,21.994,22.834,21.284,196600528,4518119936.0,-5.868,-1.504,0,0,0,0,0,0,0,0,
235,20220615,22.824,23.664,24.684,22.164,274911776,6679009792.0,-5.906,-1.582,0,0,0,0,0,0,0,0,
236,20220616,21.754,20.624,23.484,20.085,212142224,4654400000.0,-5.979,-1.78,0,0,0,0,0,0,0,0,
237,20220617,20.834,21.434,22.034,20.444,220590544,4984829440.0,-6.031,-1.869,0,0,0,0,0,0,0,0,
238,20220621,22.579,23.144,23.734,22.334,159204144,3908536320.0,-6.053,-1.825,0,0,0,0,0,0,0,0,
239,20220622,22.474,23.054,24.204,21.534,194486848,4757839872.0,-6.07,-1.772,0,0,0,0,0,0,0,0,
240,20220623,23.704,24.094,24.334,22.754,182686416,4543996928.0,-6.067,-1.654,0,0,0,1,0,0,0,0,
241,20220624,24.876,26.744,26.784,24.654,151817456,4092989952.0,-6.024,-1.402,0,0,0,0,0,0,0,0,
242,20220627,27.114,26.084,27.624,25.764,169130992,4666907136.0,-5.987,-1.223,0,0,0,0,0,0,0,0,
243,20220628,26.224,23.594,26.939,23.494,188120384,4916017152.0,-5.982,-1.196,0,0,0,0,0,0,0,0,
244,20220629,23.544,23.644,24.029,22.899,190091088,4712625152.0,-5.971,-1.157,0,0,0,0,0,0,0,0,
245,20220630,22.824,22.764,23.62,21.524,256203936,6093749760.0,-5.968,-1.157,0,0,0,0,0,0,0,0,
246,20220701,22.364,23.154,23.234,21.893,208600384,4949049856.0,-5.955,-1.122,0,0,0,0,0,0,0,0,
247,20220705,22.174,24.414,24.584,21.783,220553984,5364022272.0,-5.921,-1.015,0,0,0,0,0,0,0,0,
248,20220706,24.534,24.904,25.479,23.894,206122880,5333782528.0,-5.878,-0.893,0,0,0,0,0,0,0,0,
249,20220707,25.144,26.524,26.764,24.954,137866336,3740410112.0,-5.81,-0.702,0,0,0,0,0,0,0,0,
250,20220708,25.754,26.654,27.074,25.304,159729216,4400549888.0,-5.74,-0.537,0,0,0,0,0,0,0,0,
251,20220711,25.964,24.874,26.174,24.644,129224144,3409849344.0,-5.694,-0.494,0,0,0,0,0,0,0,0,
252,20220712,25.204,24.114,25.714,23.679,159616512,4116389888.0,-5.656,-0.494,0,0,0,0,0,0,0,0,
253,20220713,22.604,23.954,25.113,22.204,180575504,4510304768.0,-5.618,-0.496,0,0,1,1,0,0,0,0,
254,20220714,23.229,24.214,24.644,22.396,175823504,4297900032.0,-5.574,-0.477,0,0,1,1,0,0,0,0,
255,20220715,25.034,25.554,25.714,23.839,154380176,4066840064.0,-5.51,-0.387,0,0,0,0,0,0,0,0,
256,20220718,26.374,24.934,26.754,24.614,159950224,4319969792.0,-5.454,-0.343,0,0,0,0,0,0,0,0,
257,20220719,25.914,27.224,27.854,24.934,149321696,4151869952.0,-5.365,-0.186,0,0,0,0,0,0,0,0,
258,20220720,27.424,28.654,29.009,27.054,188563056,5537780224.0,-5.259,0.013,0,0,0,0,0,0,0,0,
259,20220721,28.774,29.924,30.004,27.995,159690880,4807790080.0,-5.137,0.234,0,0,0,1,0,0,0,0,
260,20220722,29.644,28.294,30.234,27.726,149400416,4469499904.0,-5.04,0.318,0,0,0,0,0,0,0,0,
261,20220725,28.294,27.854,28.824,27.189,110448776,3187789056.0,-4.95,0.357,0,0,0,0,0,0,0,0,
262,20220726,27.254,26.094,27.624,25.829,115877792,3208099840.0,-4.885,0.291,0,0,0,0,0,0,0,0,
263,20220727,27.364,29.504,29.984,27.104,170959456,5075450368.0,-4.774,0.413,0,0,0,0,0,0,0,0,
264,20220728,29.439,30.384,31.954,28.3,162035952,5001116672.0,-4.654,0.549,0,0,0,0,0,0,0,0,
265,20220729,30.894,32.124,32.374,30.494,146073152,4697164800.0,-4.514,0.738,0,0,0,0,0,0,0,0,
266,20220801,31.544,32.074,33.174,31.214,142641472,4758812672.0,-4.378,0.873,0,0,0,0,0,0,0,0,
267,20220802,31.304,31.764,33.101,30.934,162687536,5396793344.0,-4.251,0.95,0,0,0,0,0,0,0,0,
268,20220803,32.314,34.404,34.7,31.544,147106848,5116152320.0,-4.093,1.136,0,0,0,0,0,0,0,0,
269,20220804,34.454,34.914,35.114,33.734,126783592,4531233280.0,-3.933,1.292,0,0,0,0,0,0,0,0,
270,20220805,33.194,34.054,35.144,32.924,141949312,4982192128.0,-3.791,1.352,0,0,0,0,0,0,0,0,
271,20220808,34.364,33.694,35.564,33.214,134380416,4639637504.0,-3.659,1.363,0,0,0,0,0,0,0,0,
272,20220809,33.044,32.494,33.844,31.959,109203008,3677377536.0,-3.547,1.291,0,0,0,0,0,0,0,0,
273,20220810,34.899,35.264,35.374,32.434,135777232,4919694336.0,-3.402,1.362,0,0,1,1,0,0,0,0,
274,20220811,36.094,34.714,36.784,34.444,136680512,5027063296.0,-3.27,1.372,0,0,0,0,0,0,0,0,
275,20220812,35.364,36.744,36.814,34.895,105593488,3993817856.0,-3.115,1.466,0,0,0,0,0,0,0,0,
276,20220815,36.414,37.654,37.842,36.094,98154216,3790024192.0,-2.955,1.569,0,0,0,0,0,0,0,0,
277,20220816,37.324,37.404,38.144,36.314,110377896,4245679104.0,-2.805,1.615,0,0,0,0,0,0,0,0,
278,20220817,36.274,36.064,37.078,35.334,131419168,4910612992.0,-2.679,1.56,0,0,1,1,0,0,0,0,
279,20220818,36.024,36.314,36.704,35.499,96070424,3597384448.0,-2.555,1.511,0,0,0,0,0,0,0,0,
280,20220819,35.244,34.114,35.684,33.654,112128336,3934379776.0,-2.465,1.338,0,0,1,0,0,0,0,0,
281,20220822,32.654,31.334,32.914,31.029,112487712,3677281024.0,-2.416,1.041,0,0,0,0,0,0,0,0,
282,20220823,31.195,31.224,32.107,30.984,109754896,3590158848.0,-2.37,0.791,0,0,0,0,0,0,0,0,
283,20220824,31.064,31.474,32.064,30.884,93502800,3063177216.0,-2.321,0.599,0,0,0,0,0,0,0,0,
284,20220825,32.044,33.194,33.224,31.714,111026256,3811562240.0,-2.25,0.531,0,0,0,0,0,0,0,0,
285,20220826,33.109,29.004,33.664,28.524,183138320,5497555968.0,-2.237,0.253,0,0,0,0,0,0,0,0,
286,20220829,28.114,28.074,28.854,27.729,124220504,3677127936.0,-2.236,-0.015,0,0,0,0,0,0,0,0,
287,20220830,28.554,27.094,29.204,26.334,163507392,4613890560.0,-2.247,-0.274,0,1,1,0,0,0,1,0,
288,20220831,27.919,26.574,28.149,25.714,170515264,4676844032.0,-2.262,-0.5,0,0,0,0,0,0,0,0,
289,20220901,25.844,26.604,26.814,24.794,198660224,5538753536.0,-2.274,-0.668,0,0,0,0,0,0,0,0,
290,20220902,27.404,25.444,27.789,24.95,227231456,6289671168.0,-2.3,-0.85,0,0,0,0,0,0,0,0,
291,20220906,25.524,24.834,26.214,24.235,180541696,4663019520.0,-2.33,-1.013,0,0,0,0,0,0,0,0,
292,20220907,24.944,26.374,26.654,24.544,165784784,4583977472.0,-2.336,-1.047,0,0,0,0,0,0,0,0,
293,20220908,25.794,26.824,27.163,25.431,205399904,5756875264.0,-2.333,-1.036,0,0,0,0,0,0,0,0,
294,20220909,27.444,28.604,28.774,27.374,149367904,4447276544.0,-2.305,-0.922,0,0,0,0,0,0,0,0,
295,20220912,29.064,29.694,29.924,28.784,136570560,4226542336.0,-2.262,-0.764,0,0,0,1,0,0,0,1,0.03277338013539164
296,20220913,27.004,24.604,30.544,24.326,195648320,5352012800.0,-2.288,-0.896,0,0,0,0,0,0,0,0,
297,20220914,24.889,25.184,25.514,24.344,154645920,4078579968.0,-2.304,-0.956,0,0,0,0,0,0,0,0,
298,20220915,24.644,23.854,25.424,23.154,196865248,4893076480.0,-2.334,-1.06,0,0,1,0,0,0,0,0,
299,20220916,22.974,23.364,23.674,22.436,196071744,4811532800.0,-2.367,-1.153,0,0,0,0,0,0,0,0,
300,20220919,22.704,23.954,24.274,22.534,151346288,3778383872.0,-2.389,-1.18,0,0,0,0,0,0,0,0,
301,20220920,23.294,23.354,23.949,22.744,161059328,3959440896.0,-2.416,-1.217,0,0,0,0,0,0,0,0,
302,20220921,23.574,22.004,24.668,21.444,295557568,7205286912.0,-2.457,-1.299,0,0,0,0,0,0,0,0,
303,20220922,21.614,21.144,22.544,20.84,215541984,4832100864.0,-2.506,-1.392,0,0,0,0,0,0,0,0,
304,20220923,20.559,20.074,20.984,19.228,280651968,5940916224.0,-2.564,-1.501,0,0,0,0,0,0,0,0,
305,20220926,19.924,19.784,20.961,19.544,245303888,5201944576.0,-2.621,-1.582,0,0,0,0,0,0,0,0,
306,20220927,20.579,19.804,21.084,19.274,271960608,5791646720.0,-2.672,-1.624,0,0,0,0,0,0,0,0,
307,20220928,19.794,21.034,21.35,18.764,256019456,5459012096.0,-2.702,-1.571,0,0,1,1,0,0,0,0,
308,20220929,20.069,19.154,20.544,18.393,270097856,5444622848.0,-2.753,-1.607,0,0,1,1,0,0,0,0,
309,20220930,18.919,18.084,19.838,18.054,256598800,5196551168.0,-2.814,-1.67,0,0,0,0,0,0,0,0,
310,20221003,18.469,19.424,19.769,17.624,223611280,4470860800.0,-2.85,-1.628,0,0,0,0,0,0,0,0,
311,20221004,20.659,21.344,21.521,20.404,231661840,5135738880.0,-2.857,-1.474,0,0,0,0,0,0,0,0,
312,20221005,20.429,21.344,21.754,19.784,229199456,4973741568.0,-2.861,-1.335,0,0,0,0,0,0,0,0,
313,20221006,21.064,20.774,21.824,20.414,237543584,5252947968.0,-2.87,-1.239,0,0,0,0,0,0,0,0,
314,20221007,19.644,18.264,20.734,17.929,250972640,4997686784.0,-2.91,-1.278,0,0,0,0,0,0,0,0,
315,20221010,18.279,17.654,18.414,17.074,206499808,3908496384.0,-2.954,-1.324,0,0,0,0,0,0,0,0,
316,20221011,17.284,16.904,17.894,16.514,264873488,4875140096.0,-3.003,-1.382,0,0,1,0,0,0,0,0,
317,20221012,16.994,16.864,17.534,16.715,200741872,3669314560.0,-3.047,-1.411,0,0,0,0,0,0,0,0,
318,20221013,15.279,18.074,18.384,15.129,414753600,7540511232.0,-3.07,-1.352,0,0,0,0,0,0,0,0,
319,20221014,18.614,16.334,18.974,16.184,335066304,6185590272.0,-3.113,-1.379,0,0,0,0,0,0,0,0,
320,20221017,17.569,18.064,18.654,16.796,230025408,4310282240.0,-3.127,-1.292,0,0,0,0,0,0,0,0,
321,20221018,19.629,18.544,19.764,17.959,346276960,6913313792.0,-3.132,-1.183,0,0,0,0,0,0,0,0,
322,20221019,18.174,18.304,19.034,17.794,259851088,5087266816.0,-3.137,-1.095,0,0,0,0,0,0,0,0,
323,20221020,18.094,17.974,19.224,17.504,264851472,5156703744.0,-3.144,-1.03,0,0,0,0,0,0,0,0,
324,20221021,17.744,19.334,19.544,17.204,313729024,6139024896.0,-3.13,-0.894,0,0,0,0,0,0,0,0,
325,20221024,19.394,20.034,20.224,18.569,274621984,5692820992.0,-3.105,-0.741,0,0,0,0,0,0,0,0,
326,20221025,20.239,21.314,21.404,19.804,238399808,5271699456.0,-3.061,-0.545,0,0,0,0,0,0,0,0,
327,20221026,19.944,19.824,21.264,19.614,282519776,6020800000.0,-3.037,-0.463,0,0,0,0,0,0,0,0,
328,20221027,19.554,18.664,19.904,17.054,256629408,5200981504.0,-3.028,-0.454,0,0,0,0,0,0,0,0,
329,20221028,18.514,20.464,20.674,17.744,255388624,5320321024.0,-2.993,-0.347,0,0,0,0,0,0,0,0,
330,20221031,19.939,19.714,20.324,19.264,209561136,4396452864.0,-2.968,-0.298,0,0,0,0,0,0,0,0,
331,20221101,20.504,19.064,20.614,18.844,215232448,4464984064.0,-2.95,-0.29,0,0,0,0,0,0,0,0,
332,20221102,19.044,16.964,19.694,16.804,331476256,6558472192.0,-2.96,-0.389,0,0,0,0,0,0,0,0,
333,20221103,16.409,15.914,17.084,15.774,212231760,3714389504.0,-2.98,-0.515,0,0,0,0,0,0,0,0,
334,20221104,16.894,16.714,17.069,15.624,382370176,6718230016.0,-2.987,-0.566,0,0,1,0,0,0,0,0,
335,20221107,16.924,17.284,17.524,16.48,200943408,3643698176.0,-2.983,-0.568,0,0,0,0,0,0,0,0,
336,20221108,17.614,17.684,18.378,16.859,296056320,5605796352.0,-2.971,-0.541,0,0,0,0,0,0,0,0,
337,20221109,17.294,16.364,17.774,16.299,215569120,3915851008.0,-2.976,-0.583,0,0,1,1,0,0,0,0,
338,20221110,18.914,20.214,20.564,16.404,328442368,6707148800.0,-2.926,-0.407,0,0,0,0,0,0,0,0,
339,20221111,20.194,21.434,21.586,19.904,307134208,6754541568.0,-2.86,-0.201,0,0,0,0,0,0,0,0,
340,20221114,20.934,20.834,21.724,20.594,214225936,4757187072.0,-2.804,-0.07,0,0,0,0,0,0,0,0,
341,20221115,22.409,21.724,22.914,20.969,318265664,7386463232.0,-2.736,0.08,0,0,0,0,0,0,0,0,
342,20221116,21.264,20.794,22.014,20.594,191679344,4228961792.0,-2.683,0.147,0,0,0,1,0,0,0,0,
343,20221117,19.714,20.624,20.994,19.554,213462160,4539024384.0,-2.633,0.189,0,0,0,0,0,0,0,0,
344,20221118,21.324,20.604,21.344,20.049,194788512,4226342144.0,-2.584,0.218,0,0,0,0,0,0,0,0,
345,20221121,20.284,19.944,20.544,19.744,144111248,3069531136.0,-2.545,0.203,0,0,1,1,0,0,0,0,
346,20221122,20.094,20.834,20.864,19.614,146238624,3109629696.0,-2.494,0.236,0,0,1,1,0,0,0,0,
347,20221123,20.814,21.494,21.664,20.764,178783488,4027315968.0,-2.435,0.292,0,0,0,0,0,0,0,0,
348,20221125,21.104,21.024,21.614,20.924,67376496,1505877760.0,-2.384,0.308,0,0,0,0,0,0,0,0,
349,20221128,20.564,20.044,21.034,19.829,132142672,2837277952.0,-2.347,0.265,0,0,0,0,0,0,0,0,
350,20221129,20.084,19.534,20.504,19.259,137902720,2887141888.0,-2.317,0.202,0,0,0,0,0,0,0,0,
351,20221130,19.614,22.324,22.594,19.423,272734912,6031234048.0,-2.249,0.295,0,0,0,0,0,0,0,0,
352,20221201,22.464,22.454,22.904,21.777,205503616,4855578624.0,-2.182,0.37,0,0,0,0,0,0,0,0,
353,20221202,21.209,22.174,22.514,20.594,181655024,4161142784.0,-2.121,0.41,0,0,0,0,0,0,0,0,
354,20221205,21.644,20.994,22.114,20.639,150989968,3358074624.0,-2.077,0.374,0,0,1,1,0,0,0,0,
355,20221206,20.944,19.584,21.194,19.269,169900496,3555750144.0,-2.053,0.268,0,0,0,0,0,0,0,0,
356,20221207,19.324,19.334,19.791,18.864,173667888,3570174208.0,-2.032,0.169,0,1,1,0,0,0,1,0,
357,20221208,19.634,20.064,20.264,19.164,188920096,3951862784.0,-2.002,0.127,0,0,0,0,0,0,0,0,
358,20221209,19.814,19.654,20.544,19.434,177003936,3751224064.0,-1.976,0.072,0,0,0,0,0,0,0,0,
359,20221212,19.674,20.414,20.454,19.467,112827496,2344942592.0,-1.941,0.067,0,0,0,0,0,0,0,0,
360,20221213,22.939,21.094,23.694,20.434,347692768,7946250240.0,-1.896,0.098,0,0,0,0,0,0,0,0,
361,20221214,20.974,20.564,21.744,19.919,289455456,6396252672.0,-1.86,0.094,0,0,0,0,0,0,0,0,
362,20221215,19.624,18.404,19.914,18.114,214026560,4271661824.0,-1.854,-0.023,0,0,0,0,0,0,0,0,
363,20221216,18.244,17.824,18.559,17.474,175642064,3333398528.0,-1.854,-0.145,0,1,1,0,0,0,1,0,
364,20221219,17.864,17.034,18.144,16.749,155266496,2833905408.0,-1.864,-0.278,0,0,0,0,0,0,0,0,
365,20221220,16.764,16.954,17.314,16.444,172881232,3105736448.0,-1.872,-0.383,0,0,0,0,0,0,0,0,
366,20221221,17.174,17.744,18.014,17.009,163187264,3078518016.0,-1.868,-0.418,0,0,0,0,0,0,0,0,
367,20221222,17.092,16.402,17.912,15.452,230450240,3983145472.0,-1.881,-0.51,0,0,0,0,0,0,0,0,
368,20221223,16.072,16.452,16.762,15.697,165067328,2853730048.0,-1.891,-0.572,0,0,0,0,0,0,0,0,
369,20221227,16.322,15.702,16.802,15.582,131600336,2241959680.0,-1.909,-0.653,0,0,0,0,0,0,0,0,
370,20221228,15.612,15.022,16.047,14.972,182434592,2992007424.0,-1.933,-0.742,0,0,0,0,0,0,0,0,
371,20221229,15.532,16.162,16.348,15.242,153054864,2627928576.0,-1.939,-0.743,0,0,0,0,0,0,0,0,
372,20221230,15.622,16.162,16.282,15.376,150970560,2527828736.0,-1.944,-0.734,0,0,1,1,0,0,0,1,0.07064487236901032
373,20230103,16.602,15.772,16.877,15.357,179925856,3066981376.0,-1.952,-0.737,0,0,1,1,0,0,0,0,
374,20230104,16.187,16.032,16.347,15.434,217636416,3717859840.0,-1.954,-0.717,0,0,1,1,0,0,0,0,
375,20230105,15.672,15.222,16.252,15.148,181252016,3000196096.0,-1.966,-0.734,0,0,1,1,0,0,0,0,
376,20230106,15.512,16.502,16.752,14.902,233447632,3959807744.0,-1.958,-0.671,0,0,0,0,0,0,0,0,
377,20230109,16.942,16.872,17.812,16.592,186021440,3419383040.0,-1.944,-0.594,0,0,0,0,0,0,0,0,
378,20230110,16.677,17.352,17.422,16.442,164361456,2959627264.0,-1.922,-0.502,0,0,0,0,0,0,0,0,
379,20230111,17.547,18.272,18.332,17.232,151274960,2825517312.0,-1.888,-0.375,0,0,0,0,0,0,0,0,
380,20230112,18.377,18.572,18.792,17.394,280926272,5434281984.0,-1.851,-0.256,0,0,0,0,0,0,0,0,
381,20230113,18.032,18.962,19.021,17.872,159783040,3123444480.0,-1.809,-0.14,0,0,0,0,0,0,0,0,
382,20230117,18.922,19.072,19.372,18.612,139757936,2793446400.0,-1.766,-0.042,0,0,0,0,0,0,0,0,
383,20230118,19.437,18.322,19.752,18.142,186650064,3715659264.0,-1.734,-0.004,0,0,0,0,0,0,0,0,
384,20230119,17.932,17.712,18.222,17.452,166370736,3151887872.0,-1.712,-0.006,0,0,0,0,0,0,0,0,
385,20230120,18.037,19.252,19.352,17.732,161325216,3183236352.0,-1.668,0.073,0,0,0,0,0,0,0,0,
386,20230123,19.412,20.592,20.862,19.142,194042064,4137618688.0,-1.607,0.202,0,0,0,1,0,0,0,0,
387,20230124,20.222,20.462,21.002,19.952,145006448,3036646400.0,-1.551,0.294,0,0,0,0,0,0,0,0,
388,20230125,19.422,20.302,20.552,18.845,218083552,4477308928.0,-1.498,0.354,0,0,0,0,0,0,0,0,
389,20230126,21.082,21.542,21.572,20.472,203418896,4482092544.0,-1.431,0.46,0,0,0,0,0,0,0,0,
390,20230127,21.222,22.192,22.672,21.072,188411120,4338711552.0,-1.357,0.57,0,0,0,0,0,0,0,0,
391,20230130,21.412,20.792,21.742,20.712,173907984,3879799808.0,-1.306,0.576,0,0,0,0,0,0,0,0,
392,20230131,20.802,21.772,21.772,20.232,158256928,3513390592.0,-1.243,0.624,0,0,0,0,0,0,0,0,
393,20230201,21.722,23.252,24.092,21.251,271638816,6304120320.0,-1.163,0.731,0,0,0,0,0,0,0,0,
394,20230202,24.817,25.772,26.352,24.082,267885088,7085692416.0,-1.053,0.935,0,0,0,0,0,0,0,0,
395,20230203,24.072,24.382,25.998,23.942,267404224,6955490304.0,-0.966,1.01,0,0,0,0,0,0,0,0,
396,20230206,23.707,23.732,24.302,23.402,161816208,4013155840.0,-0.893,1.021,0,0,0,0,0,0,0,0,
397,20230207,23.692,25.272,25.542,23.422,259894640,6585015296.0,-0.802,1.097,0,0,0,0,0,0,0,0,
398,20230208,24.912,23.852,25.332,23.682,181257200,4572292608.0,-0.735,1.067,0,0,0,0,0,0,0,0,
399,20230209,24.912,23.182,24.947,22.811,197598416,4919263232.0,-0.681,0.996,0,0,0,0,0,0,0,0,
400,20230210,22.622,22.682,23.162,22.1,183931680,4350154752.0,-0.635,0.902,0,0,1,0,0,0,0,0,
401,20230213,23.002,23.812,23.947,22.712,139869856,3422034176.0,-0.577,0.875,0,0,0,0,0,0,0,0,
402,20230214,23.397,24.352,24.622,22.931,255737200,6363658240.0,-0.514,0.871,0,0,0,0,0,0,0,0,
403,20230215,23.882,24.922,25.172,23.734,138652608,3501233920.0,-0.447,0.886,0,0,1,1,0,0,0,0,
404,20230216,23.692,23.432,25.122,23.082,194496496,4861311488.0,-0.403,0.809,0,0,0,0,0,0,0,0,
405,20230217,22.892,22.902,23.062,22.165,194902416,4611886592.0,-0.369,0.711,0,0,0,0,0,0,0,0,
406,20230221,21.962,21.212,22.442,21.152,150468752,3428365312.0,-0.359,0.537,0,0,0,0,0,0,0,0,
407,20230222,21.312,21.232,21.707,20.861,167338752,3772335360.0,-0.349,0.396,0,0,0,0,0,0,0,0,
408,20230223,22.047,21.792,22.092,20.822,179769952,4074540288.0,-0.331,0.31,0,0,0,0,0,0,0,0,
409,20230224,20.612,20.632,21.462,20.217,172781808,3739684864.0,-0.331,0.179,0,0,0,0,0,0,0,0,
410,20230227,21.342,21.102,21.652,20.912,138754368,3079614976.0,-0.323,0.099,0,0,0,0,0,0,0,0,
411,20230228,20.942,20.992,21.572,20.642,127315776,2801663744.0,-0.317,0.029,0,0,0,0,0,0,0,0,
412,20230301,20.922,20.452,21.412,20.242,154386880,3327571712.0,-0.319,-0.054,0,0,0,0,0,0,0,0,
413,20230302,19.872,20.972,21.152,19.781,159491952,3390866688.0,-0.313,-0.09,0,0,1,0,0,0,0,0,
414,20230303,21.362,22.322,22.482,20.982,151676608,3462114048.0,-0.289,-0.047,0,0,1,1,0,0,0,0,
415,20230306,22.622,22.422,23.333,22.262,151849872,3623613184.0,-0.265,-0.008,0,0,0,0,0,0,0,0,
416,20230307,22.417,21.542,22.742,21.392,176331488,4048168192.0,-0.254,-0.023,0,0,0,0,0,0,0,0,
417,20230308,21.612,21.852,21.992,21.212,145492832,3293588736.0,-0.239,-0.019,0,0,1,1,0,0,0,0,
418,20230309,21.972,20.642,22.561,20.362,196833664,4436413952.0,-0.242,-0.078,0,0,0,0,0,0,0,0,
419,20230310,20.682,19.742,21.162,19.482,314857632,6681754624.0,-0.256,-0.17,0,0,0,0,0,0,0,0,
420,20230313,19.332,20.192,20.982,18.932,329540736,7055706624.0,-0.263,-0.215,0,0,0,0,0,0,0,0,
421,20230314,20.982,21.642,21.769,20.292,217162928,4843369472.0,-0.249,-0.173,0,0,1,1,0,0,0,0,
422,20230315,21.032,21.972,22.212,20.402,274559456,6164186624.0,-0.232,-0.121,0,0,0,0,0,0,0,0,
423,20230316,21.742,23.802,23.882,21.602,229016400,5519211520.0,-0.191,0.017,0,0,0,1,0,0,0,0,
424,20230317,23.792,23.432,24.352,22.982,201770288,4960508928.0,-0.157,0.104,0,0,0,1,0,0,0,0,
425,20230320,23.292,23.692,23.771,22.722,164177968,3991998720.0,-0.122,0.185,0,0,0,0,0,0,0,0,
426,20230321,24.172,24.742,24.852,23.712,135145136,3410122752.0,-0.074,0.3,0,0,0,0,0,0,0,0,
427,20230322,24.722,23.692,25.952,23.562,237918080,6184077824.0,-0.043,0.331,0,0,0,0,0,0,0,0,
428,20230323,24.607,24.572,25.612,23.907,196497152,5038215168.0,-0.002,0.396,0,0,0,0,0,0,0,0,
429,20230324,24.452,24.832,25.012,23.862,169794704,4284254464.0,0.04,0.456,0,0,0,0,0,0,0,0,
430,20230327,24.997,24.302,25.252,24.081,136795568,3482632960.0,0.073,0.469,0,0,0,0,0,0,0,0,
431,20230328,24.147,23.882,24.272,23.302,118020736,2892496128.0,0.098,0.451,0,0,1,1,0,0,0,0,
432,20230329,24.772,25.242,25.372,24.422,119365272,3092324864.0,0.14,0.502,0,0,0,0,0,0,0,0,
433,20230330,25.832,25.952,26.082,25.362,130149968,3463037952.0,0.189,0.572,0,0,0,0,0,0,0,0,
434,20230331,26.012,27.272,27.392,25.822,127022072,3515982336.0,0.253,0.688,0,0,0,0,0,0,0,0,
435,20230403,26.692,27.072,27.117,26.354,125116328,3447255808.0,0.31,0.758,0,0,0,0,0,0,0,0,
436,20230404,27.172,26.792,27.592,26.432,116090392,3222192384.0,0.36,0.789,0,0,0,0,0,0,0,0,
437,20230405,26.482,25.902,26.852,25.427,129137040,3447249664.0,0.395,0.757,0,0,1,1,0,0,0,0,
438,20230406,25.472,26.442,26.568,25.13,120960304,3257778688.0,0.435,0.75,0,0,0,0,0,0,0,0,
439,20230410,25.652,26.382,26.442,25.192,118528800,3155690752.0,0.471,0.731,0,0,1,0,0,0,0,0,
440,20230411,26.372,25.852,26.682,25.732,104260808,2788616960.0,0.498,0.68,0,0,0,0,0,0,0,0,
441,20230412,26.352,25.142,26.862,24.932,174019312,4654304768.0,0.513,0.594,0,0,0,0,0,0,0,0,
442,20230413,25.542,26.642,26.747,25.142,123761544,3362920960.0,0.547,0.598,0,0,0,0,0,0,0,0,
443,20230414,26.217,26.482,26.922,25.718,142666080,3876370176.0,0.577,0.584,0,0,1,1,0,0,0,0,
444,20230417,26.362,26.512,26.662,25.832,114308904,3095913472.0,0.605,0.568,0,0,0,0,0,0,0,0,
445,20230418,27.082,26.532,27.192,26.212,106414944,2936647168.0,0.631,0.549,0,0,0,0,0,0,0,0,
446,20230419,25.882,26.472,26.75,25.762,95925344,2593403648.0,0.654,0.523,0,0,0,0,0,0,0,0,
447,20230420,25.682,25.832,26.582,25.492,136847568,3695583488.0,0.667,0.464,0,0,0,0,0,0,0,0,
448,20230421,25.712,25.882,26.092,25.262,114444048,3058951168.0,0.679,0.414,0,0,0,0,0,0,0,0,
449,20230424,25.822,25.722,26.166,25.162,107645384,2849682176.0,0.688,0.361,0,0,0,0,0,0,0,0,
450,20230425,25.292,24.212,25.472,24.182,138288048,3570557440.0,0.676,0.237,0,0,0,0,0,0,0,0,
451,20230426,25.032,24.632,25.402,24.527,124862304,3209231616.0,0.669,0.159,0,0,0,0,0,0,0,0,
452,20230427,25.572,26.702,27.332,25.182,127815632,3473912576.0,0.69,0.204,0,0,0,0,0,0,0,0,
453,20230428,26.652,27.262,27.362,26.352,130536064,3633032192.0,0.717,0.265,0,0,0,0,0,0,0,0,
454,20230501,27.152,27.182,27.542,26.892,89001264,2508833024.0,0.741,0.305,0,0,0,1,0,0,0,0,
455,20230502,27.152,26.432,27.292,25.992,124656032,3396762368.0,0.752,0.294,0,0,0,0,0,0,0,0,
456,20230503,26.512,25.892,27.122,25.592,170133776,4682349568.0,0.755,0.253,0,0,0,0,0,0,0,0,
457,20230504,25.792,25.592,26.192,25.322,121310840,3235509248.0,0.754,0.202,0,0,1,0,0,0,0,0,
458,20230505,26.132,27.222,27.463,25.842,97801632,2711595264.0,0.773,0.244,0,0,1,1,0,0,0,0,
459,20230508,27.112,27.452,27.541,26.842,75738464,2115436928.0,0.794,0.286,0,0,0,0,0,0,0,0,
460,20230509,26.997,26.902,27.272,26.822,64840736,1797678848.0,0.806,0.287,0,0,0,1,0,0,0,0,
461,20230510,27.532,27.802,28.022,26.512,151550960,4319612416.0,0.829,0.33,0,0,0,0,0,0,0,0,
462,20230511,27.917,28.042,28.192,27.507,97341456,2810906112.0,0.853,0.372,0,0,0,0,0,0,0,0,
463,20230512,28.192,27.742,28.342,27.182,105381712,3015732480.0,0.871,0.384,0,0,0,0,0,0,0,0,
464,20230515,27.862,28.182,28.247,27.452,86467632,2484668160.0,0.893,0.412,0,0,0,0,0,0,0,0,
465,20230516,27.992,28.292,28.751,27.922,79663464,2328857344.0,0.914,0.433,0,0,0,0,0,0,0,0,
466,20230517,28.562,29.342,29.492,28.256,101104632,3002351872.0,0.948,0.499,0,0,0,0,0,0,0,0,
467,20230518,29.412,30.972,31.452,29.272,135933824,4256463872.0,1.001,0.629,0,0,0,0,0,0,0,0,
468,20230519,31.042,30.752,31.272,30.467,99029200,3149469440.0,1.048,0.71,0,0,0,0,0,0,0,0,
469,20230522,30.692,31.082,31.362,30.542,83312360,2671148032.0,1.095,0.781,0,0,0,0,0,0,0,0,
470,20230523,30.572,29.842,31.152,29.752,106314968,3316227840.0,1.122,0.762,0,0,0,0,0,0,0,0,
471,20230524,29.282,29.342,30.862,28.782,117972536,3441566464.0,1.14,0.712,0,0,0,0,0,0,0,0,
472,20230525,31.372,31.532,31.862,30.632,130873504,4228188672.0,1.185,0.777,0,0,1,1,0,0,0,0,
473,20230526,31.822,33.992,34.3,31.402,126392240,4333703168.0,1.26,0.945,0,0,0,0,0,0,0,0,
474,20230530,35.322,34.482,35.752,34.052,135306368,4845983232.0,1.337,1.089,0,0,0,0,0,0,0,0,
475,20230531,33.982,33.762,34.582,33.422,105144464,3672046336.0,1.398,1.15,0,0,0,0,0,0,0,0,
476,20230601,33.752,35.022,35.442,33.432,108379600,3824851456.0,1.472,1.248,0,0,0,0,0,0,0,0,
477,20230602,35.572,35.832,36.185,35.033,108252776,3960675840.0,1.551,1.351,0,0,0,0,0,0,0,0,
478,20230605,35.772,35.912,36.702,35.472,103130936,3829902592.0,1.625,1.417,0,0,0,0,0,0,0,0,
479,20230606,35.702,35.872,36.162,35.312,79754512,2930577408.0,1.694,1.448,0,0,0,0,0,0,0,0,
480,20230607,35.952,33.992,36.562,33.787,114242720,4077929728.0,1.732,1.356,0,0,0,0,0,0,0,0,
481,20230608,34.032,35.192,35.412,33.682,94076944,3364893440.0,1.782,1.329,0,0,0,0,0,0,0,0,
482,20230609,35.692,35.632,36.62,35.042,103972016,3834208512.0,1.834,1.313,0,0,1,0,0,0,0,0,
483,20230612,36.162,37.502,37.782,35.862,77977888,2895158528.0,1.907,1.381,0,0,0,0,0,0,0,0,
484,20230613,38.382,38.362,38.802,37.362,133267144,5180583424.0,1.986,1.461,0,0,0,0,0,0,0,0,
485,20230614,38.362,39.202,39.522,37.447,152656480,6047132672.0,2.07,1.548,0,0,0,1,0,0,0,0,
486,20230615,38.752,40.612,41.099,38.162,127937000,5202799104.0,2.167,1.669,0,0,0,0,0,0,0,0,
487,20230616,41.422,39.812,41.432,39.712,112405208,4654330880.0,2.245,1.699,0,0,0,0,0,0,0,0,
488,20230620,39.302,39.612,40.081,38.632,84124888,3396830464.0,2.315,1.691,0,0,0,0,0,0,0,0,
489,20230621,39.22,37.99,39.68,37.655,99633328,3886338048.0,2.357,1.578,0,0,0,0,0,0,0,0,
490,20230622,37.51,39.28,39.49,37.38,105099632,4116900864.0,2.412,1.537,0,0,1,0,0,0,0,0,
491,20230623,37.97,38.09,38.84,37.525,112576216,4391069696.0,2.446,1.423,0,0,0,0,0,0,0,0,
492,20230626,37.9,36.55,38.804,36.495,108450032,4139478016.0,2.455,1.236,0,0,0,0,0,0,0,0,
493,20230627,36.985,38.4,38.635,36.77,97677016,3760176896.0,2.487,1.17,0,0,0,0,0,0,0,0,
494,20230628,37.81,38.64,39.265,37.74,108676264,4251570944.0,2.518,1.116,0,0,0,0,0,0,0,0,
495,20230629,38.5,38.37,39.13,37.82,99133224,3881527296.0,2.542,1.045,0,0,0,0,0,0,0,0,
496,20230630,39.54,40.14,40.47,38.69,92154384,3771746560.0,2.587,1.068,0,0,0,0,0,0,0,0,
497,20230703,40.34,40.42,40.66,39.99,39934028,1643941376.0,2.63,1.087,0,0,0,0,0,0,0,0,
498,20230705,39.86,40.39,40.97,39.57,69503672,2859142400.0,2.669,1.086,0,0,1,1,0,0,0,0,
499,20230706,39.11,39.42,39.98,38.45,85236664,3383568896.0,2.69,1.021,0,0,0,0,0,0,0,0,
500,20230707,39.33,39.01,40.385,38.93,84312424,3395675136.0,2.702,0.935,0,0,0,0,0,0,0,0,
501,20230710,38.9,39.04,39.25,38.09,86006816,3406868480.0,2.712,0.858,0,0,0,0,0,0,0,0,
502,20230711,39.16,39.61,39.77,38.465,81239344,3226443520.0,2.727,0.817,0,0,0,0,0,0,0,0,
503,20230712,40.97,41.11,41.575,39.82,115167664,4789857792.0,2.759,0.852,0,0,1,1,0,0,0,0,
504,20230713,42.16,43.2,43.5,41.71,82386624,3559487232.0,2.815,0.976,0,0,0,0,0,0,0,0,
505,20230714,43.36,43.16,44.496,42.885,93028160,4146827776.0,2.865,1.059,0,0,0,1,0,0,0,0,
506,20230717,43.42,44.38,44.687,43.0,72762632,3233553408.0,2.926,1.172,0,0,0,0,0,0,0,0,
507,20230718,44.155,45.46,45.965,43.479,98316832,4475586560.0,2.997,1.302,0,0,0,0,0,0,0,0,
508,20230719,45.87,45.46,46.25,44.36,100286928,4596575744.0,3.061,1.386,0,0,0,0,0,0,0,0,
509,20230720,44.3,42.21,44.821,41.84,116931408,5125955072.0,3.075,1.265,0,0,0,0,0,0,0,0,
510,20230721,43.02,41.83,43.239,41.675,102554328,4415815168.0,3.08,1.134,0,0,0,0,0,0,0,0,
511,20230724,42.12,42.0,42.425,41.36,63214612,2706154496.0,3.085,1.026,0,0,1,0,0,0,0,0,
512,20230725,42.22,42.86,43.44,42.16,69099560,2946179072.0,3.099,0.974,0,0,0,0,0,0,0,0,
513,20230726,42.46,42.41,43.1,41.59,102882256,4434853888.0,3.104,0.897,0,0,0,0,0,0,0,0,
514,20230727,44.25,42.04,44.805,41.625,130551600,5766194176.0,3.101,0.806,0,0,0,0,0,0,0,0,
515,20230728,43.44,44.36,44.71,42.75,102243840,4600179712.0,3.127,0.845,0,0,0,0,0,0,0,0,
516,20230731,44.47,44.45,44.845,43.965,79504584,3594053888.0,3.15,0.869,0,0,0,0,0,0,0,0,
517,20230801,43.93,44.1,44.37,43.08,77245624,3465565184.0,3.165,0.859,0,0,1,1,0,0,0,0,
518,20230802,42.83,41.16,43.25,40.685,129022024,5465784320.0,3.136,0.687,0,0,0,0,0,0,0,0,
519,20230803,40.25,40.86,41.75,40.18,101348928,4234809856.0,3.103,0.528,0,0,0,0,0,0,0,0,
520,20230804,41.53,40.28,42.29,40.135,123726424,5192817664.0,3.061,0.367,0,0,0,0,0,0,0,0,
521,20230807,40.87,41.3,41.37,40.105,74896056,3117213696.0,3.033,0.291,0,0,0,0,0,0,0,0,
522,20230808,40.43,40.22,40.98,39.17,94390000,3831113728.0,2.99,0.171,0,0,0,0,0,0,0,0,
523,20230809,40.295,38.85,40.81,38.61,99715264,4008243200.0,2.928,0.004,0,0,0,0,0,0,0,0,
524,20230810,39.8,39.03,40.865,38.53,130277048,5273093120.0,2.87,-0.117,0,0,0,0,0,0,0,0,
525,20230811,38.17,38.23,39.16,37.744,100786880,3939460096.0,2.802,-0.251,0,0,1,0,0,0,0,0,
526,20230814,37.97,39.53,39.9,37.761,71276792,2832339200.0,2.754,-0.284,0,0,0,0,0,0,0,0,
527,20230815,39.21,38.29,39.46,38.04,81276768,3194732032.0,2.689,-0.371,0,0,0,0,0,0,0,0,
528,20230816,38.06,36.99,38.73,36.84,95110976,3674510080.0,2.608,-0.502,0,0,0,0,0,0,0,0,
529,20230817,37.39,35.71,37.56,35.42,105116376,3924541440.0,2.513,-0.663,0,0,0,0,0,0,0,0,
530,20230818,34.67,35.54,35.925,34.52,123500976,4445628416.0,2.418,-0.79,0,0,0,0,0,0,0,0,
531,20230821,36.01,37.3,37.5,35.89,95743560,3542015488.0,2.351,-0.786,0,0,0,0,0,0,0,0,
532,20230822,38.11,37.13,38.3,36.91,90393032,3447670016.0,2.284,-0.782,0,0,1,1,0,0,0,0,
533,20230823,37.49,38.92,40.19,37.11,87727008,3397100288.0,2.242,-0.676,1,0,0,1,1,0,0,0,
534,20230824,40.02,36.3,40.63,35.96,116198600,4453238272.0,2.166,-0.72,0,0,0,0,0,0,0,0,
535,20230825,36.57,37.18,37.685,35.49,139144688,5199123456.0,2.105,-0.7,0,0,0,0,0,0,0,0,
536,20230828,38.09,38.03,38.31,37.25,91320512,3507136256.0,2.057,-0.631,0,0,0,0,0,0,0,0,
537,20230829,37.94,40.51,40.74,37.74,93747832,3802059008.0,2.043,-0.44,0,0,0,0,0,0,0,0,
538,20230830,40.57,41.2,41.41,40.13,92979136,3884919040.0,2.038,-0.25,0,0,0,0,0,0,0,0,
539,20230831,41.18,41.58,42.11,40.93,81121448,3436500224.0,2.037,-0.078,0,0,0,0,0,0,0,0,
540,20230901,42.35,41.43,42.56,40.895,82529192,3494801664.0,2.032,0.048,0,0,0,0,0,0,0,0,
541,20230905,41.11,41.54,41.96,40.61,61889340,2616786432.0,2.027,0.152,1,0,0,1,1,0,0,0,
542,20230906,41.28,40.42,41.35,39.725,74029096,3054056448.0,2.006,0.173,0,0,0,0,0,0,0,0,
543,20230907,38.88,39.52,40.0,38.53,84311496,3377104640.0,1.972,0.14,0,0,1,1,0,1,0,0,-0.04433139534883712
544,20230908,39.45,39.64,40.375,39.08,74882752,3048600320.0,1.94,0.119,0,0,0,0,0,0,0,0,
545,20230911,40.63,41.02,41.22,39.995,70856400,2913610752.0,1.927,0.172,0,0,0,0,0,0,0,0,
546,20230912,40.48,39.68,40.939,39.55,77762056,3191925760.0,1.896,0.142,0,0,0,0,0,0,0,0,
547,20230913,39.72,40.08,40.614,38.989,85424688,3494171136.0,1.87,0.138,0,0,0,0,0,0,0,0,
548,20230914,40.64,41.04,41.38,39.96,76189880,3143261184.0,1.857,0.182,0,0,0,0,0,0,0,0,
549,20230915,40.59,38.89,41.26,38.6,89919832,3598317312.0,1.814,0.103,0,0,0,0,0,0,0,0,
550,20230918,38.57,38.98,39.35,38.4,62399104,2486245376.0,1.773,0.045,0,0,0,0,0,0,0,0,
551,20230919,38.55,38.74,39.21,37.744,74370736,2914053632.0,1.73,-0.014,0,0,0,0,0,0,0,0,
552,20230920,39.049,37.029,39.188,36.699,98019232,3821640704.0,1.665,-0.148,0,0,1,0,0,0,0,0,
553,20230921,35.829,34.879,36.699,34.729,108410568,3930369792.0,1.574,-0.363,0,0,0,0,0,0,0,0,
554,20230922,35.409,34.904,36.044,34.81,94090632,3403957760.0,1.487,-0.524,0,0,0,0,0,0,0,0,
555,20230925,34.589,35.379,35.559,34.289,81269208,2874938368.0,1.41,-0.618,0,0,0,0,0,0,0,0,
556,20230926,34.589,33.769,35.079,33.459,105339744,3640632576.0,1.314,-0.767,0,0,0,0,0,0,0,0,
557,20230927,34.088,33.979,34.544,32.919,128435800,4394843648.0,1.226,-0.862,0,0,0,0,0,0,0,0,
558,20230928,33.669,34.819,35.429,33.444,134072896,4726051840.0,1.153,-0.881,0,0,0,0,0,0,0,0,
559,20230929,35.859,34.899,36.253,34.528,143429056,5175484928.0,1.085,-0.881,0,0,1,1,0,0,0,0,
560,20231002,34.949,35.749,36.166,34.619,118231616,4238293504.0,1.031,-0.825,0,0,0,0,0,0,0,0,
561,20231003,34.989,33.819,36.069,33.33,133269528,4655390208.0,0.953,-0.871,0,0,1,1,0,0,0,0,
562,20231004,34.059,35.219,35.454,33.209,126379632,4444312064.0,0.898,-0.822,0,0,1,1,0,0,0,0,
563,20231005,35.169,34.839,35.5,33.79,109003072,3826831872.0,0.84,-0.794,0,0,0,0,0,0,0,0,
564,20231006,33.929,36.629,36.969,33.389,147448720,5297867776.0,0.809,-0.668,0,0,0,0,0,0,0,0,
565,20231009,35.889,37.179,37.359,35.429,105483032,3913812224.0,0.787,-0.533,0,0,0,0,0,0,0,0,
566,20231010,37.284,37.799,38.639,37.099,108054752,4178199808.0,0.773,-0.389,0,0,0,0,0,0,0,0,
567,20231011,38.219,38.619,38.899,37.689,95855424,3732988928.0,0.771,-0.229,0,0,0,0,0,0,0,0,
568,20231012,38.749,38.159,39.309,37.409,118254616,4641916416.0,0.762,-0.125,0,0,0,0,0,0,0,0,
569,20231013,38.369,36.689,38.529,36.269,130093768,4927566848.0,0.733,-0.119,0,0,0,0,0,0,0,0,
570,20231016,37.099,37.949,38.269,36.419,86576080,3334436352.0,0.722,-0.047,0,0,0,0,0,0,0,0,
571,20231017,36.799,37.579,38.099,36.154,105193464,3997746688.0,0.706,-0.009,0,0,0,0,0,0,0,0,
572,20231018,36.749,35.959,37.459,35.628,131582600,4866003456.0,0.669,-0.064,0,0,1,1,0,0,0,0,
573,20231019,36.429,34.979,36.769,34.509,185025168,6767150080.0,0.62,-0.157,0,0,0,0,0,0,0,0,
574,20231020,34.799,33.369,34.979,33.209,138861392,4817648640.0,0.552,-0.311,0,0,1,0,0,0,0,0,
575,20231023,32.954,33.669,34.679,32.359,131799504,4511677952.0,0.491,-0.412,0,0,0,0,0,0,0,0,
576,20231024,34.179,34.639,35.279,33.692,122537256,4299227648.0,0.447,-0.434,0,0,0,0,0,0,0,0,
577,20231025,33.909,32.049,34.249,31.049,164181616,5484590592.0,0.369,-0.58,0,0,0,0,0,0,0,0,
578,20231026,31.659,30.139,31.907,29.799,187023696,5775403520.0,0.27,-0.786,0,0,0,0,0,0,0,0,
579,20231027,30.854,30.579,31.484,30.239,147351088,4630775808.0,0.183,-0.913,0,0,0,0,0,0,0,0,
580,20231030,31.229,31.589,31.969,30.869,132152800,4224080384.0,0.113,-0.948,0,0,0,0,0,0,0,0,
581,20231031,31.599,32.059,32.159,30.889,111461832,3599753472.0,0.054,-0.939,0,0,0,0,0,0,0,0,
582,20231101,32.279,33.749,34.139,31.559,166317808,5606080000.0,0.022,-0.831,0,0,0,0,0,0,0,0,
583,20231102,35.039,35.579,35.654,34.259,117067048,4206014720.0,0.015,-0.642,0,0,0,1,0,0,0,0,
584,20231103,35.979,36.859,37.254,35.129,114330616,4259036416.0,0.027,-0.419,0,0,0,0,0,0,0,0,
585,20231106,37.089,37.289,37.489,36.613,91799832,3449285632.0,0.043,-0.218,0,0,0,0,0,0,0,0,
586,20231107,37.629,38.359,38.649,36.899,102251120,3975791360.0,0.073,-0.003,0,0,0,0,0,0,0,0,
587,20231108,38.479,38.429,38.699,37.719,93980048,3647130368.0,0.102,0.169,0,0,0,0,0,0,0,0,
588,20231109,38.619,37.499,38.979,37.129,129182608,4994514432.0,0.117,0.252,0,0,0,1,0,0,0,0,
589,20231110,38.029,40.049,40.169,37.139,124790856,4956833280.0,0.165,0.446,0,0,0,0,0,0,0,0,
590,20231113,39.529,39.679,39.999,39.049,90215208,3640587520.0,0.206,0.572,0,0,0,0,0,0,0,0,
591,20231114,41.749,42.219,42.559,39.839,116776208,4993802752.0,0.278,0.794,0,0,0,0,0,0,0,0,
592,20231115,42.899,42.339,43.539,41.849,109216248,4702578688.0,0.347,0.964,0,0,0,0,0,0,0,0,
593,20231116,42.039,42.409,42.484,41.629,89022464,3795597568.0,0.414,1.087,0,0,0,0,0,0,0,0,
594,20231117,42.159,42.439,42.775,41.849,78934432,3381246720.0,0.476,1.171,0,0,0,0,0,0,0,0,
595,20231120,42.429,43.979,44.204,42.379,83291264,3676805120.0,0.555,1.3,0,0,0,0,0,0,0,0,
596,20231121,43.369,43.169,44.039,42.559,74137640,3216872448.0,0.619,1.343,0,0,0,0,0,0,0,0,
597,20231122,43.849,43.679,44.664,42.919,85929176,3818961152.0,0.685,1.384,0,0,0,0,0,0,0,0,
598,20231124,43.529,43.459,43.859,43.134,31987708,1411743744.0,0.744,1.388,0,0,0,0,0,0,0,0,
599,20231127,43.284,43.329,44.009,43.054,60928200,2696614144.0,0.797,1.366,0,0,1,1,0,0,0,0,
600,20231128,43.079,43.679,43.874,42.849,79174528,3470820096.0,0.851,1.349,0,0,0,0,0,0,0,0,
601,20231129,44.519,43.519,44.989,43.414,88761560,3966675200.0,0.899,1.31,0,0,1,0,0,0,0,0,
602,20231130,43.579,43.149,44.029,42.139,93197248,4038216192.0,0.939,1.243,0,0,0,0,0,0,0,0,
603,20231201,42.769,43.519,43.719,42.214,86468792,3772913152.0,0.981,1.194,0,0,0,0,0,0,0,0,
604,20231204,42.189,42.259,43.249,41.039,90571808,3853080832.0,1.003,1.075,0,0,0,0,0,0,0,0,
605,20231205,41.589,42.569,42.999,41.379,83770216,3572938240.0,1.026,0.985,0,0,0,0,0,0,0,0,
606,20231206,43.559,41.799,43.579,41.693,81500272,3500425472.0,1.038,0.861,0,0,0,0,0,0,0,0,
607,20231207,42.759,43.579,43.808,41.729,81377728,3575739904.0,1.071,0.846,0,0,0,0,0,0,0,0,
608,20231208,42.929,44.109,44.27,42.399,90894448,4027511296.0,1.11,0.851,0,0,1,1,0,0,0,0,
609,20231211,43.949,45.249,45.569,43.699,75770016,3410559232.0,1.16,0.903,0,0,0,0,0,0,0,0,
610,20231212,45.259,46.359,46.649,44.864,71449744,3284167168.0,1.222,0.99,0,0,0,1,0,0,0,0,
611,20231213,46.659,48.019,48.849,46.394,115040664,5454637056.0,1.301,1.131,0,0,0,0,0,0,0,0,
612,20231214,48.529,47.939,48.98,46.849,101348864,4918743552.0,1.374,1.221,0,0,0,0,0,0,0,0,
613,20231215,48.219,48.519,49.069,47.989,78365488,3862329856.0,1.45,1.307,0,0,0,0,0,0,0,0,
614,20231218,48.769,49.549,49.875,48.449,58217984,2914666496.0,1.533,1.409,0,0,0,0,0,0,0,0,
615,20231219,49.699,50.299,50.439,49.559,60174796,3053367808.0,1.621,1.51,0,0,0,0,0,0,0,0,
616,20231220,49.982,48.042,50.762,47.952,88082512,4359580672.0,1.673,1.452,0,0,0,0,0,0,0,0,
617,20231221,49.392,49.647,49.772,48.462,74544712,3699011072.0,1.741,1.471,0,0,0,0,0,0,0,0,
618,20231222,50.102,49.852,50.426,49.142,66210036,3340750592.0,1.807,1.477,0,0,0,0,0,0,0,0,
619,20231226,50.142,50.772,51.002,49.982,43685608,2229071360.0,1.881,1.511,0,0,0,0,0,0,0,0,
620,20231227,50.852,51.042,51.202,50.542,55747788,2844718080.0,1.952,1.531,0,0,0,0,0,0,0,0,
621,20231228,51.422,50.912,51.592,50.782,42884112,2147568640.0,2.016,1.521,0,0,1,1,0,0,0,0,
622,20231229,50.882,50.202,51.192,49.506,67122688,3391555840.0,2.065,1.456,0,0,0,0,0,0,0,0,
623,20240102,48.852,47.632,50.322,46.792,88135328,4249410560.0,2.075,1.253,0,0,1,0,0,0,0,0,
624,20240103,46.672,46.092,47.532,45.953,83906120,3939623936.0,2.062,0.999,0,0,0,0,0,0,0,0,
625,20240104,45.372,45.312,46.467,45.232,71867712,3300552192.0,2.037,0.747,0,0,0,0,0,0,0,0,
626,20240105,45.362,45.482,46.412,44.422,85240760,3918268672.0,2.015,0.55,0,0,0,0,0,0,0,0,
627,20240108,45.892,48.252,48.395,44.772,67687072,3203109120.0,2.029,0.533,0,0,0,0,0,0,0,0,
628,20240109,47.162,48.572,48.912,47.092,74215768,3607408384.0,2.046,0.53,0,0,0,0,0,0,0,0,
629,20240110,48.672,49.542,49.912,48.377,73810512,3666156544.0,2.073,0.57,0,0,0,0,0,0,0,0,
630,20240111,49.952,49.782,50.467,47.952,95114160,4694449152.0,2.1,0.607,0,0,0,0,0,0,0,0,
631,20240112,50.172,49.842,50.482,48.922,64107040,3214034688.0,2.125,0.631,0,0,0,1,0,0,0,0,
632,20240116,49.382,49.812,50.405,48.572,72937016,3653078784.0,2.146,0.64,0,0,0,0,0,0,0,0,
633,20240117,48.572,48.942,49.292,47.377,83277288,4041328896.0,2.153,0.594,0,0,0,0,0,0,0,0,
634,20240118,50.092,51.062,51.522,49.162,91070424,4643580416.0,2.186,0.66,0,0,0,0,0,0,0,0,
635,20240119,51.822,54.042,54.362,51.617,93179736,4930644992.0,2.255,0.858,0,0,0,0,0,0,0,0,
636,20240122,54.912,54.262,55.402,54.017,74828256,4119241472.0,2.322,1.012,0,0,0,0,0,0,0,0,
637,20240123,54.512,54.912,55.432,53.788,56086000,3079878400.0,2.392,1.153,0,0,0,0,0,0,0,0,
638,20240124,56.452,55.822,57.387,55.302,89859288,5116359680.0,2.468,1.295,0,0,0,0,0,0,0,0,
639,20240125,56.762,55.982,57.018,54.902,75697600,4285496064.0,2.54,1.397,0,0,0,0,0,0,0,0,
640,20240126,55.182,54.942,55.882,54.342,64191288,3574768896.0,2.592,1.405,0,0,0,0,0,0,0,0,
641,20240129,55.112,56.572,56.892,54.862,57988592,3208824320.0,2.661,1.477,0,0,0,0,0,0,0,0,
642,20240130,56.192,55.432,56.772,53.502,59777220,3358635264.0,2.709,1.455,0,0,0,0,0,0,0,0,
643,20240131,53.692,52.142,54.477,52.022,101725800,5402277888.0,2.707,1.248,0,0,0,0,0,0,0,0,
644,20240201,52.792,54.002,55.921,52.462,81130728,4373213696.0,2.729,1.167,0,0,1,0,0,0,0,0,
645,20240202,54.682,56.742,57.167,54.368,99252480,5618275328.0,2.783,1.231,0,0,1,1,0,0,0,0,
646,20240205,56.692,56.452,56.907,55.104,69973880,3957067264.0,2.829,1.25,0,0,0,0,0,0,0,0,
647,20240206,56.882,56.122,57.123,55.16,70062112,3930554624.0,2.865,1.232,0,0,1,1,0,0,0,0,
648,20240207,57.192,57.812,58.142,55.902,65911716,3825899264.0,2.92,1.289,0,0,0,0,0,0,0,0,
649,20240208,57.812,58.052,58.377,57.412,49461068,2894377728.0,2.973,1.329,0,0,0,0,0,0,0,0,
650,20240209,58.532,59.772,60.106,58.082,55111004,3281238016.0,3.043,1.433,0,0,0,0,0,0,0,0,
651,20240212,59.712,59.062,60.637,58.542,58127496,3500556800.0,3.098,1.458,0,0,0,0,0,0,0,0,
652,20240213,55.742,56.242,58.482,54.942,94466456,5355794432.0,3.108,1.312,0,0,0,0,0,0,0,0,
653,20240214,57.302,58.042,58.252,56.392,78075712,4508372480.0,3.14,1.275,0,0,0,0,0,0,0,0,
654,20240215,58.312,58.532,59.052,57.242,65028588,3809137408.0,3.175,1.255,0,0,1,0,0,0,0,0,
655,20240216,58.662,56.912,59.632,56.602,75966472,4388469248.0,3.183,1.139,0,0,0,0,0,0,0,0,
656,20240220,56.082,55.582,56.627,54.067,81660544,4531922944.0,3.17,0.965,0,0,0,0,0,0,0,0,
657,20240221,54.472,54.882,57.202,53.331,77293152,4235873024.0,3.145,0.78,0,0,0,0,0,0,0,0,
658,20240222,58.282,59.672,60.092,57.942,89639616,5332190208.0,3.185,0.875,0,0,0,0,0,0,0,0,
659,20240223,60.332,59.122,60.689,58.642,70195400,4206311936.0,3.212,0.908,0,0,0,0,0,0,0,0,
660,20240226,59.442,59.042,59.857,58.672,54937680,3275003648.0,3.234,0.919,0,0,0,1,0,0,0,0,
661,20240227,59.462,59.412,59.662,58.405,54699868,3242230016.0,3.257,0.934,0,0,0,0,0,0,0,0,
662,20240228,58.532,58.442,59.022,57.742,61751696,3606174208.0,3.263,0.884,0,0,0,0,0,0,0,0,
663,20240229,59.582,59.862,60.332,57.662,68479880,4067091456.0,3.285,0.907,0,0,0,0,0,0,0,0,
664,20240301,60.252,62.632,63.002,59.602,70479840,4383160320.0,3.341,1.057,0,0,0,0,0,0,0,0,
665,20240304,62.592,61.882,63.072,61.402,60209280,3752578560.0,3.381,1.121,0,0,0,0,0,0,0,0,
666,20240305,60.602,58.542,61.092,57.562,96603456,5666290176.0,3.371,0.983,0,0,0,0,0,0,0,0,
667,20240306,60.242,59.632,60.921,58.912,90838664,5453306368.0,3.373,0.919,0,0,0,0,0,0,0,0,
668,20240307,61.052,62.312,62.802,58.832,71185448,4397125120.0,3.409,0.997,0,0,1,1,0,0,0,0,
669,20240308,62.422,59.562,63.622,59.252,148225632,9141513216.0,3.403,0.902,0,0,1,1,0,0,0,0,
670,20240311,58.912,58.862,59.652,58.067,73384976,4346917888.0,3.385,0.779,0,0,0,0,0,0,0,0,
671,20240312,59.792,61.382,61.532,58.492,85279968,5154875904.0,3.4,0.805,0,0,0,0,0,0,0,0,
672,20240313,60.942,59.942,61.702,59.492,71889872,4361881600.0,3.391,0.739,0,0,0,0,0,0,0,0,
673,20240314,60.372,59.452,60.912,58.294,81240176,4863553536.0,3.374,0.653,0,0,0,0,0,0,0,0,
674,20240315,58.192,57.262,59.882,56.792,70441904,4073024000.0,3.325,0.464,0,0,0,0,0,0,0,0,
675,20240318,59.382,58.892,60.302,58.112,64596872,3872803072.0,3.299,0.395,0,0,0,0,0,0,0,0,
676,20240319,58.042,59.302,59.452,57.197,59404996,3483944704.0,3.277,0.358,0,0,0,0,0,0,0,0,
677,20240320,59.787,61.417,62.437,58.967,78277960,4660325376.0,3.282,0.434,0,0,0,0,0,0,0,0,
678,20240321,63.467,62.217,63.667,62.137,63270936,3986679040.0,3.295,0.529,0,0,0,0,0,0,0,0,
679,20240322,61.987,62.347,62.882,61.548,45787396,2860924672.0,3.307,0.603,0,0,0,1,0,0,0,0,
680,20240325,61.197,61.707,62.347,60.787,43334664,2668998144.0,3.306,0.62,0,0,0,0,0,0,0,0,
681,20240326,62.327,61.127,62.817,61.022,46992992,2928559872.0,3.296,0.594,0,0,1,1,0,0,0,0,
682,20240327,62.287,61.667,62.327,60.447,55694320,3400389376.0,3.29,0.595,0,0,0,0,0,0,0,0,
683,20240328,61.607,61.277,61.927,61.107,43511648,2687298304.0,3.277,0.567,0,0,0,0,0,0,0,0,
684,20240401,61.637,61.657,62.677,60.847,56145252,3460344832.0,3.267,0.558,0,0,0,0,0,0,0,0,
685,20240402,59.587,59.997,61.797,58.727,54836364,3276937728.0,3.233,0.458,0,0,0,0,0,0,0,0,
686,20240403,59.117,60.397,61.467,59.047,55841892,3389625600.0,3.203,0.394,0,0,0,0,0,0,0,0,
687,20240404,62.067,57.537,62.317,57.338,83760192,4987747840.0,3.134,0.191,0,0,0,0,0,0,0,0,
688,20240405,58.117,59.577,60.637,57.477,77448632,4618277376.0,3.094,0.136,0,0,0,0,0,0,0,0,
689,20240408,59.927,59.617,60.372,59.077,44862712,2679766784.0,3.055,0.094,0,0,0,0,0,0,0,0,
690,20240409,60.527,60.237,60.657,58.302,60155936,3575726336.0,3.023,0.092,0,0,0,0,0,0,0,0,
691,20240410,58.077,58.647,61.117,57.297,101040256,5921402368.0,2.97,0.007,0,0,0,0,0,0,0,0,
692,20240411,59.327,61.417,61.767,57.857,73465584,4395827200.0,2.955,0.084,0,0,1,1,0,0,0,0,
693,20240412,59.597,58.437,61.397,57.847,86294904,5101752320.0,2.898,-0.012,0,0,1,1,0,0,0,0,
694,20240415,59.917,55.487,60.047,55.167,101828096,5867528192.0,2.802,-0.24,0,0,1,0,0,0,0,0,
695,20240416,55.407,55.497,56.477,54.727,81883056,4578480640.0,2.709,-0.413,0,0,0,0,0,0,0,0,
696,20240417,56.257,53.427,56.327,53.067,85513176,4638131712.0,2.592,-0.651,0,0,0,0,0,0,0,0,
697,20240418,53.607,52.467,54.367,51.847,86390768,4580516352.0,2.466,-0.877,0,0,0,0,0,0,0,0,
698,20240419,51.997,49.197,52.517,48.597,125403824,6289833984.0,2.302,-1.212,0,0,0,0,0,0,0,0,
699,20240422,50.097,50.637,51.477,48.887,71302376,3598696704.0,2.164,-1.383,0,0,0,0,0,0,0,0,
700,20240423,51.337,52.907,53.907,50.747,75917528,4007341312.0,2.064,-1.38,0,0,0,0,0,0,0,0,
701,20240424,54.037,53.427,54.597,51.227,72158392,3803996928.0,1.974,-1.333,0,0,0,0,0,0,0,0,
702,20240425,50.617,52.567,54.897,50.199,86413648,4487966208.0,1.876,-1.323,0,0,0,1,0,0,0,0,
703,20240426,53.747,54.997,55.573,53.527,67997320,3728413696.0,1.816,-1.172,0,0,0,0,0,0,0,0,
704,20240429,55.797,55.657,56.032,54.627,51177476,2851860992.0,1.766,-1.005,0,0,0,0,0,0,0,0,
705,20240430,55.017,52.452,55.637,51.527,62624288,3403123200.0,1.674,-1.028,0,0,0,0,0,0,0,0,
706,20240501,51.867,51.317,54.477,51.017,104038424,5442103296.0,1.571,-1.092,0,0,0,0,0,0,0,0,
707,20240502,52.637,53.227,54.617,50.937,62414948,3290094592.0,1.498,-1.029,0,0,1,1,0,0,0,0,
708,20240503,56.047,56.417,56.697,54.027,75439016,4253211904.0,1.472,-0.8,0,0,0,0,0,0,0,0,
709,20240506,57.137,58.277,58.327,56.447,41265368,2383880192.0,1.471,-0.515,0,0,0,0,0,0,0,0,
710,20240507,58.437,58.277,58.937,57.867,46660192,2740806144.0,1.468,-0.286,0,0,0,0,0,0,0,0,
711,20240508,57.217,58.167,58.717,57.127,39013600,2253613056.0,1.464,-0.109,0,0,0,0,0,0,0,0,
712,20240509,58.217,58.487,58.737,57.427,40719624,2354283008.0,1.462,0.046,0,0,0,0,0,0,0,0,
713,20240510,59.077,58.887,59.767,58.262,46334848,2732879616.0,1.465,0.188,1,0,0,1,1,0,0,0,
714,20240513,59.637,59.277,59.657,58.742,33861004,2014753664.0,1.472,0.316,0,0,0,0,0,0,0,0,
715,20240514,59.077,60.387,60.607,58.367,46476432,2786729216.0,1.492,0.469,0,0,0,0,0,0,0,0,
716,20240515,61.407,63.187,63.497,60.257,65240720,4075049984.0,1.548,0.728,0,0,0,0,0,0,0,0,
717,20240516,63.077,62.797,63.907,62.617,43857620,2789811968.0,1.594,0.9,0,0,0,0,0,0,0,0,
718,20240517,62.807,62.657,63.156,61.757,35049848,2203970816.0,1.634,1.015,0,0,0,0,0,0,0,0,
719,20240520,62.737,63.957,64.246,62.675,37269512,2370210816.0,1.689,1.159,0,0,0,0,0,0,0,0,
720,20240521,63.157,64.287,64.447,63.087,31156964,1995813504.0,1.743,1.273,0,0,0,0,0,0,0,0,
721,20240522,64.407,64.247,65.197,63.207,40019688,2496678400.0,1.792,1.343,0,0,0,0,0,0,0,0,
722,20240523,66.217,63.287,66.607,62.537,65438940,4244616192.0,1.824,1.331,0,0,0,0,0,0,0,0,
723,20240524,63.967,65.067,65.603,63.307,41279012,2687903232.0,1.877,1.396,0,0,0,0,0,0,0,0,
724,20240528,65.577,65.777,66.187,64.537,41593156,2707389696.0,1.935,1.466,0,0,0,0,0,0,0,0,
725,20240529,63.957,64.397,65.137,63.357,39641112,2572793344.0,1.969,1.43,0,0,0,0,0,0,0,0,
726,20240530,63.967,62.317,64.187,61.75,42782384,2707529984.0,1.972,1.275,0,0,0,0,0,0,0,0,
727,20240531,62.317,62.247,62.977,58.707,71873152,4348238336.0,1.972,1.134,0,0,0,0,0,0,0,0,
728,20240603,63.447,62.857,63.817,60.681,55717480,3471480320.0,1.979,1.041,0,0,0,0,0,0,0,0,
729,20240604,62.717,63.327,63.837,61.567,44245904,2752965376.0,1.99,0.98,0,0,0,0,0,0,0,0,
730,20240605,64.837,67.167,67.477,63.517,52435720,3430380544.0,2.051,1.119,0,0,0,0,0,0,0,0,
731,20240606,67.457,67.087,67.657,66.572,36515552,2462524416.0,2.105,1.208,0,0,0,0,0,0,0,0,
732,20240607,66.837,66.837,68.027,65.807,44971672,3018026496.0,2.152,1.249,0,0,0,1,0,0,0,0,
733,20240610,66.307,67.547,67.752,66.167,36226832,2417050112.0,2.203,1.302,0,0,0,0,0,0,0,0,
734,20240611,67.037,68.947,69.247,66.387,35693368,2430030592.0,2.269,1.399,0,0,0,0,0,0,0,0,
735,20240612,70.727,71.677,72.967,69.037,62201344,4477571072.0,2.366,1.598,0,0,0,0,0,0,0,0,
736,20240613,73.287,72.827,73.807,71.807,43642504,3172874240.0,2.471,1.792,0,0,0,0,0,0,0,0,
737,20240614,72.667,73.887,74.017,71.827,35777480,2630727168.0,2.583,1.975,0,0,0,0,0,0,0,0,
738,20240617,73.997,76.577,77.412,73.417,46677296,3501786368.0,2.722,2.232,0,0,0,0,0,0,0,0,
739,20240618,76.547,76.617,77.397,75.796,33216648,2551333376.0,2.852,2.405,0,0,0,0,0,0,0,0,
740,20240620,77.177,74.807,78.167,73.987,52727536,4002911744.0,2.948,2.415,0,0,0,0,0,0,0,0,
741,20240621,74.617,74.117,75.237,73.467,38856468,2900393216.0,3.026,2.355,0,0,0,0,0,0,0,0,
742,20240624,73.537,71.597,74.697,71.407,46877272,3432647936.0,3.064,2.147,0,0,0,0,0,0,0,0,
743,20240625,72.507,73.997,74.217,71.457,39304328,2891124736.0,3.129,2.082,0,0,1,0,0,1,0,0,0.2341331723594411
744,20240626,73.6,74.46,75.13,73.34,36274772,2659142912.0,3.195,2.028,0,0,0,0,0,0,0,0,
745,20240627,74.32,75.0,75.66,73.69,37057736,2773340928.0,3.261,1.988,0,0,0,0,0,0,0,0,
746,20240628,75.29,73.82,77.485,73.47,53901476,4063205376.0,3.306,1.869,0,0,0,0,0,0,0,0,
747,20240701,74.16,75.03,75.277,72.51,43278688,3204594688.0,3.361,1.815,0,0,0,0,0,0,0,0,
748,20240702,74.29,77.33,77.36,73.55,37475144,2843528448.0,3.442,1.869,0,0,1,1,0,0,0,0,
749,20240703,76.95,79.23,79.42,76.83,28075244,2193551616.0,3.54,1.986,0,0,0,0,0,0,0,0,
750,20240705,79.57,81.63,81.84,79.24,39812276,3219729152.0,3.663,2.176,0,0,0,1,0,0,0,0,
751,20240708,81.81,82.17,83.07,81.29,36682848,3003610112.0,3.783,2.323,0,0,0,0,0,0,0,0,
752,20240709,82.92,82.35,83.44,81.646,36186544,2989585408.0,3.896,2.417,0,0,0,0,0,0,0,0,
753,20240710,83.32,84.93,85.18,82.69,38777428,3219897088.0,4.034,2.593,0,0,0,0,0,0,0,0,
754,20240711,84.97,79.35,86.02,78.705,74664488,6070606336.0,4.086,2.407,0,0,1,1,0,0,0,0,
755,20240712,79.51,80.64,82.935,78.71,50509880,4102502656.0,4.149,2.298,0,0,0,0,0,0,0,0,
756,20240715,81.47,81.24,83.62,80.24,54950240,4497891840.0,4.213,2.214,0,0,1,0,0,0,0,0,
757,20240716,81.94,81.3,82.322,79.77,41818796,3382132992.0,4.27,2.123,0,0,0,0,0,0,0,0,
758,20240717,77.33,74.15,80.42,73.85,71420016,5401464832.0,4.225,1.653,0,0,0,0,0,0,0,0,
759,20240718,75.81,73.04,76.06,71.58,65839240,4831073792.0,4.164,1.207,0,0,0,0,0,0,0,0,
760,20240719,72.8,71.06,73.955,70.475,59124816,4250158592.0,4.077,0.742,0,0,0,0,0,0,0,0,
761,20240722,73.65,74.16,74.629,72.1,56404284,4117320960.0,4.033,0.53,0,0,0,0,0,0,0,0,
762,20240723,73.73,73.36,75.089,71.86,43563548,3225198080.0,3.977,0.317,0,0,0,0,0,0,0,0,
763,20240724,70.23,65.45,71.45,65.17,79787624,5380570624.0,3.815,-0.264,0,0,0,0,0,0,0,0,
764,20240725,65.56,63.27,67.32,62.18,94064000,6105231872.0,3.63,-0.827,0,0,1,0,0,0,0,0,
765,20240726,65.0,65.08,66.337,63.79,68703456,4460879872.0,3.476,-1.16,0,0,0,0,0,0,0,0,
766,20240729,66.27,65.46,67.17,64.525,57820440,3820270080.0,3.334,-1.385,0,0,0,0,0,0,0,0,
767,20240730,66.28,62.79,66.585,60.67,71531848,4430408704.0,3.162,-1.682,0,0,0,0,0,0,0,0,
768,20240731,66.98,68.28,70.27,65.1,86704192,5786689024.0,3.07,-1.605,0,0,0,0,0,0,0,0,
769,20240801,68.58,63.36,70.17,61.54,105346568,6875567104.0,2.916,-1.781,0,0,0,0,0,0,0,0,
770,20240802,60.6,59.65,60.7,58.21,8183008,487060352.0,2.717,-2.087,0,0,0,0,0,0,0,0,
