,dt_1D,open,close,high,low,vol,turnover,m1,m2,long,short
0,20210712,220.733,228.567,229.167,218.983,25927042,17616467968.0,0.0,0.0,0,0
1,20210713,228.773,222.847,231.577,220.667,20966092,14161854464.0,-0.077,-0.297,0,0
2,20210714,223.583,217.793,226.163,217.62,21641190,14410105856.0,-0.218,-0.787,0,0
3,20210715,219.463,216.867,222.04,212.667,20209572,13183490048.0,-0.363,-1.207,0,0
4,20210716,218.227,214.74,218.82,213.667,16370970,10588978176.0,-0.529,-1.629,0,0
5,20210719,209.963,215.407,216.33,207.172,21297090,13524942848.0,-0.675,-1.902,0,0
6,20210720,217.33,220.167,220.752,213.56,15487127,10078552064.0,-0.748,-1.843,0,0
7,20210721,219.87,218.43,221.547,216.77,13953338,9152495616.0,-0.84,-1.863,0,0
8,20210722,218.814,216.42,220.587,214.89,15105727,9854371840.0,-0.953,-1.959,0,0
9,20210723,215.453,214.46,217.2,212.433,14604944,9378849792.0,-1.086,-2.11,0,0
10,20210726,216.99,219.207,226.0,213.25,25336556,16620728320.0,-1.146,-1.954,0,0
11,20210727,221.133,214.927,224.72,209.162,32813290,21081079808.0,-1.259,-2.029,0,0
12,20210728,215.665,215.66,218.22,213.29,16006596,10359400448.0,-1.355,-2.023,0,0
13,20210729,216.597,225.783,227.743,215.66,30394636,20412356608.0,-1.308,-1.467,0,0
14,20210730,223.919,229.067,232.453,221.0,29656412,20371234816.0,-1.218,-0.843,0,0
15,20210802,233.333,236.557,242.249,229.0,33615764,24057491456.0,-1.031,0.043,0,0
16,20210803,239.667,236.58,240.723,233.737,21620252,15318292480.0,-0.854,0.734,0,0
17,20210804,237.0,236.973,241.556,235.517,17002648,12145156096.0,-0.681,1.283,0,0
18,20210805,238.667,238.21,240.3,236.94,12919637,9248830464.0,-0.5,1.758,0,0
19,20210806,237.3,233.033,238.933,232.333,15623049,10992909312.0,-0.4,1.837,0,0
20,20210809,236.723,237.92,239.633,234.977,14715349,10506619904.0,-0.239,2.129,0,0
21,20210810,237.997,236.663,238.753,234.033,13432305,9524786176.0,-0.103,2.263,0,0
22,20210811,237.57,235.94,238.293,234.852,9800558,6943796736.0,0.014,2.3,0,0
23,20210812,235.447,240.75,242.0,233.273,17681686,12534400000.0,0.19,2.55,0,0
24,20210813,241.237,239.057,243.167,238.19,16731467,12017999872.0,0.333,2.623,0,0
25,20210816,235.023,228.723,238.5,226.123,23103304,15586199552.0,0.328,2.109,0,0
26,20210817,224.22,221.903,228.723,216.352,23721280,15698494464.0,0.231,1.327,0,0
27,20210818,223.249,229.663,231.883,222.15,20349376,13986239488.0,0.244,1.103,0,0
28,20210819,226.07,224.49,228.827,222.577,14313486,9637499904.0,0.187,0.646,0,0
29,20210820,227.617,226.753,230.512,223.667,14919716,10047899648.0,0.163,0.399,0,0
30,20210823,228.481,235.433,237.3,227.063,20264860,14248889344.0,0.257,0.652,0,0
31,20210824,236.893,236.163,238.383,234.283,13083071,9229679616.0,0.356,0.879,0,0
32,20210825,235.677,237.067,238.94,234.783,12645562,8971570176.0,0.46,1.091,0,0
33,20210826,236.103,233.72,238.387,232.596,13214292,9322415104.0,0.514,1.068,0,0
34,20210827,235.0,237.307,238.328,234.073,13833763,9777920000.0,0.612,1.223,0,0
35,20210830,238.238,243.637,245.783,237.647,18604220,13402399744.0,0.79,1.657,0,0
36,20210831,244.333,245.24,246.683,242.247,20855436,15079900160.0,0.978,2.056,0,0
37,20210901,244.693,244.697,247.273,243.38,13204335,9366070272.0,1.148,2.313,0,0
38,20210902,244.833,244.13,246.827,242.33,12796739,9381499904.0,1.299,2.453,0,0
39,20210903,244.083,244.523,245.8,241.407,15271045,11136033792.0,1.446,2.551,0,0
40,20210907,246.667,250.973,253.375,245.0,20039824,15080189952.0,1.671,2.929,0,0
41,20210908,253.86,251.29,254.733,247.0,18793036,14098199552.0,1.885,3.202,0,0
42,20210909,251.137,251.62,253.967,249.007,14077731,10523499520.0,2.09,3.391,0,0
43,20210910,253.2,245.423,254.113,243.867,15184170,11257199616.0,2.199,3.172,0,0
44,20210913,246.738,247.667,248.223,236.533,22952482,16684300288.0,2.329,3.076,0,0
45,20210914,247.523,248.163,251.313,245.407,18524880,13788699648.0,2.457,2.988,0,0
46,20210915,248.333,251.943,252.25,246.233,15357685,11445199872.0,2.627,3.076,0,0
47,20210916,250.943,252.33,252.957,249.267,13923393,10254900224.0,2.79,3.126,0,0
48,20210917,252.383,253.163,253.573,250.113,28204176,21360058368.0,2.953,3.167,0,0
49,20210920,244.853,243.39,253.163,239.588,24835389,17831499776.0,2.972,2.65,0,0
50,20210921,244.93,246.46,248.173,242.782,16330723,12073058304.0,3.03,2.372,0,0
51,20210922,247.842,250.647,251.533,245.844,15126272,10866299904.0,3.138,2.342,0,0
52,20210923,251.667,251.213,253.267,249.337,11947527,8975519744.0,3.245,2.318,0,0
53,20210924,248.63,258.13,258.333,248.033,21407252,16250900480.0,3.437,2.629,0,0
54,20210927,257.707,263.787,266.3,256.17,28070656,22002900992.0,3.691,3.13,0,0
55,20210928,262.4,259.187,265.16,255.393,25381422,19549399040.0,3.866,3.241,0,0
56,20210929,259.933,260.437,264.45,256.9,20942876,16165499904.0,4.045,3.351,0,0
57,20210930,260.333,258.493,263.01,258.0,17955960,13983399936.0,4.184,3.292,0,0
58,20211001,259.467,258.407,260.497,254.623,17031414,13098500096.0,4.31,3.199,0,0
59,20211004,265.5,260.51,268.924,257.761,30483340,24098340864.0,4.454,3.194,0,0
60,20211005,261.599,260.197,265.69,258.297,18432624,14428900352.0,4.583,3.132,0,0
61,20211006,258.733,260.917,262.127,255.053,14632768,11230400512.0,4.71,3.081,0,0
62,20211007,261.82,264.537,268.07,260.265,19196184,15017499648.0,4.875,3.189,0,0
63,20211008,265.403,261.83,266.08,260.662,16738604,13181897728.0,4.99,3.091,0,0
64,20211011,262.55,263.98,267.06,261.0,14200322,11250700288.0,5.123,3.086,0,0
65,20211012,266.977,268.573,270.733,263.32,22020036,17708099584.0,5.307,3.281,0,0
66,20211013,270.157,270.36,271.707,267.902,14120170,11344199680.0,5.5,3.483,0,0
67,20211014,271.83,272.773,273.387,269.684,12247170,9951830016.0,5.711,3.721,0,0
68,20211015,274.579,281.01,283.227,272.092,18924616,15550199808.0,6.016,4.285,0,0
69,20211018,283.93,290.037,291.635,281.4,24207244,20822999040.0,6.42,5.139,0,0
70,20211019,292.51,288.09,293.333,287.51,17381128,15022600192.0,6.77,5.636,0,0
71,20211020,288.45,288.6,291.37,283.863,14032877,11653199872.0,7.102,5.976,0,0
72,20211021,285.333,298.0,299.943,283.433,31481454,27968745472.0,7.536,6.652,0,0
73,20211022,298.5,303.227,303.403,297.063,22880836,20691200000.0,8.009,7.364,0,0
74,20211025,316.843,341.62,347.523,304.333,62852100,61924798464.0,8.967,9.818,0,0
75,20211026,341.563,339.477,364.957,333.993,62414968,65151098880.0,9.835,11.491,0,0
76,20211027,346.553,345.953,356.746,336.667,38526468,39975800832.0,10.732,12.982,0,0
77,20211028,356.103,359.013,362.933,345.953,27213348,28771600384.0,11.746,14.653,0,0
78,20211029,360.62,371.333,376.583,353.0,29918868,32260900864.0,12.858,16.406,0,0
79,20211101,381.667,402.863,408.143,372.262,56048816,65300660224.0,14.323,19.196,0,0
80,20211102,386.453,390.667,402.558,375.323,42737796,50292219904.0,15.528,20.487,0,0
81,20211103,392.443,404.62,406.33,383.667,34628520,41041616896.0,16.839,21.952,0,0
82,20211104,411.47,409.97,415.667,405.883,25397410,31339823104.0,18.135,23.087,0,0
83,20211105,409.333,407.363,413.237,403.488,21628822,26558490624.0,19.307,23.535,0,0
84,20211108,383.263,387.647,398.895,376.833,33445718,39219101696.0,20.131,22.555,0,0
85,20211109,391.2,341.167,395.927,337.313,59353860,63139864576.0,20.265,19.084,0,0
86,20211110,336.803,355.983,366.333,329.627,42802720,44133498880.0,20.574,16.901,0,0
87,20211111,367.59,354.503,373.133,352.077,22396568,23829399552.0,20.83,14.903,0,0
88,20211112,349.167,344.473,357.283,340.007,25573164,26442428416.0,20.92,12.632,0,0
89,20211115,339.21,337.797,345.334,326.503,34775724,34655199232.0,20.897,10.352,0,0
90,20211116,334.437,351.577,353.0,332.047,26542360,27685163008.0,21.045,9.156,0,0
91,20211117,354.503,363.003,372.84,351.577,31445364,34169399296.0,21.322,8.699,0,0
92,20211118,368.85,365.46,371.633,358.367,20898930,22898020352.0,21.6,8.358,0,0
93,20211119,366.29,379.02,381.333,363.333,21642264,24195160064.0,22.028,8.687,0,0
94,20211122,387.443,385.623,400.554,378.303,33072508,38702100480.0,22.502,9.175,0,0
95,20211123,389.17,369.677,393.267,354.451,36171700,40173199360.0,22.717,8.607,0,0
96,20211124,360.13,372.0,377.4,354.0,22560238,24793399296.0,22.932,8.173,0,0
97,20211126,366.49,360.64,369.32,357.05,11680890,12752966656.0,22.964,7.139,0,0
98,20211129,366.997,378.997,380.783,364.64,19464468,21857300480.0,23.224,7.194,0,0
99,20211130,381.457,381.587,389.314,372.667,27092042,30806401024.0,23.485,7.278,0,0
100,20211201,386.897,365.0,390.545,361.257,22935358,25786699776.0,23.489,6.387,0,0
101,20211202,366.353,361.533,371.997,352.583,24371624,26288500736.0,23.427,5.43,0,0
102,20211203,361.597,338.323,366.0,333.571,30773996,31592361984.0,23.037,3.408,0,0
103,20211206,333.837,336.337,343.457,317.108,27221046,26776000512.0,22.624,1.685,0,0
104,20211207,348.067,350.583,352.933,336.337,18694896,19399899136.0,22.409,1.061,0,0
105,20211208,350.903,356.32,357.323,344.667,13968760,14639500288.0,22.266,0.858,0,0
106,20211209,353.547,334.6,357.211,332.333,19812832,20098799616.0,21.82,-0.439,0,0
107,20211210,336.25,339.01,340.44,324.333,19888130,19821799424.0,21.442,-1.215,0,0
108,20211213,333.697,322.137,341.15,317.337,26198666,25199300608.0,20.841,-2.68,0,0
109,20211214,315.0,319.503,322.942,310.01,23602280,22096599040.0,20.222,-3.924,0,0
110,20211215,317.737,325.33,331.633,309.473,25057372,23456600064.0,19.701,-4.54,0,0
111,20211216,331.5,308.973,334.607,305.5,27596482,26042734592.0,18.974,-5.81,0,0
112,20211217,304.923,310.857,319.983,301.667,33626772,31281000448.0,18.298,-6.627,0,0
113,20211220,303.567,299.98,307.12,297.89,18826670,16755900416.0,17.5,-7.742,0,0
114,20211221,305.623,312.843,313.052,295.479,23839304,21628399616.0,16.907,-7.842,0,0
115,20211222,321.887,336.29,338.267,312.133,31210320,30716600320.0,16.651,-6.601,0,0
116,20211223,335.6,355.667,357.643,332.707,30904346,32363671552.0,16.658,-4.541,0,0
117,20211227,357.89,364.647,372.313,356.857,23714748,26091212800.0,16.772,-2.41,1,0
118,20211228,369.83,362.823,372.504,359.748,20107572,21852600320.0,16.842,-0.813,0,0
119,20211229,366.213,362.063,371.873,355.057,18717820,20303998976.0,16.884,0.402,0,0
120,20211230,353.777,356.78,365.104,352.129,15680304,16648200192.0,16.839,1.069,1,0
121,20211231,357.813,352.26,360.623,351.6,13577869,14484410368.0,16.723,1.34,0,0
122,20220103,382.583,399.927,403.333,352.26,34895116,40870309888.0,17.243,4.011,0,0
123,20220104,396.517,383.197,403.37,375.296,33415492,38869381120.0,17.493,5.17,0,0
124,20220105,382.217,362.707,389.967,358.0,26732229,29644199936.0,17.44,4.942,0,0
125,20220106,359.0,354.9,361.633,340.403,30116640,31765700608.0,17.27,4.295,0,0
126,20220107,360.123,342.32,367.0,336.903,28054916,28948600832.0,16.926,3.081,0,0
127,20220110,333.333,352.707,357.783,326.667,30604990,30843500544.0,16.728,2.635,0,0
128,20220111,351.223,354.8,359.753,346.927,22021072,23259899904.0,16.557,2.361,0,0
129,20220112,359.617,368.74,371.556,353.0,27913024,30463100928.0,16.571,2.842,0,0
130,20220113,369.69,343.853,371.613,341.963,32411479,34394198016.0,16.235,1.887,0,0
131,20220114,339.96,349.87,350.55,332.537,24310672,25087000576.0,15.986,1.43,0,0
132,20220118,342.203,343.503,356.603,338.768,22329804,23182299136.0,15.653,0.726,0,0
133,20220119,347.233,331.883,351.23,329.7,25147496,25492588544.0,15.17,-0.437,0,0
134,20220120,336.577,332.09,347.16,327.4,23496248,23705200640.0,14.705,-1.326,0,0
135,20220121,332.113,314.633,334.357,311.7,34472008,32871000064.0,14.02,-2.909,0,0
136,20220124,301.587,310.0,317.333,284.04,50791712,44831301632.0,13.3,-4.345,0,0
137,20220125,304.733,306.133,316.737,298.38,28865302,26312599552.0,12.558,-5.608,0,0
138,20220126,317.477,312.47,328.7,293.8,34955760,31519100928.0,11.935,-6.191,0,0
139,20220127,311.12,276.367,316.333,273.64,49036524,41962999808.0,10.85,-8.44,0,0
140,20220128,277.187,282.117,285.76,264.117,44929648,37253427200.0,9.897,-9.784,0,0
141,20220131,290.903,312.24,313.167,283.843,34812032,31770025984.0,9.396,-9.139,0,0
142,20220201,311.737,310.417,315.667,301.667,24379446,22478200832.0,8.892,-8.613,0,0
143,20220202,309.393,301.887,314.813,293.57,22264344,20243259392.0,8.295,-8.534,0,0
144,20220203,294.0,297.047,312.317,291.783,26285186,23887624192.0,7.66,-8.613,0,0
145,20220204,299.073,307.773,312.16,293.96,24541822,22346700800.0,7.2,-8.006,0,0
146,20220207,307.93,302.447,315.52,301.0,20331488,18746503168.0,6.688,-7.706,0,0
147,20220208,301.843,307.333,308.667,298.399,16909672,15477315584.0,6.267,-7.118,0,0
148,20220209,311.667,310.667,315.15,307.333,17419848,15957699584.0,5.909,-6.394,0,0
149,20220210,302.79,301.517,314.46,299.025,22042276,20147400704.0,5.444,-6.222,0,0
150,20220211,303.21,286.667,305.12,283.643,26548624,23334014976.0,4.8,-6.779,0,0
151,20220214,287.19,291.92,299.557,278.287,22585472,19772721152.0,4.261,-6.852,0,0
152,20220215,300.0,307.477,307.497,298.208,19216514,17452800000.0,3.959,-6.011,0,0
153,20220216,304.683,307.797,309.497,300.526,17098132,15535200256.0,3.675,-5.262,0,0
154,20220217,304.42,292.117,307.027,290.373,18392806,16293499904.0,3.193,-5.424,0,0
155,20220218,295.333,285.66,296.063,279.24,22833948,19551100928.0,2.649,-5.815,0,0
156,20220222,278.043,273.843,285.243,267.14,28034910,22877001728.0,1.975,-6.659,0,0
157,20220223,276.81,254.68,281.597,249.333,31752336,25070503936.0,1.079,-8.225,0,0
158,20220224,233.463,266.923,267.412,230.587,45107424,34049032192.0,0.398,-8.702,0,0
159,20220225,269.743,269.957,275.5,261.1,25355920,20348743680.0,-0.203,-8.804,0,0
160,20220228,271.67,290.143,292.13,262.33,33002288,28216999936.0,-0.497,-7.72,0,0
161,20220301,289.893,288.123,296.247,283.667,24922288,21616834560.0,-0.802,-6.88,0,0
162,20220302,290.71,293.297,295.065,281.67,24881146,21448099840.0,-1.018,-5.867,0,0
163,20220303,292.923,279.763,295.337,272.9,20541168,17399099392.0,-1.404,-5.705,0,0
164,20220304,283.033,279.43,285.073,275.2,22393288,18803980288.0,-1.771,-5.522,0,0
165,20220307,285.433,268.193,288.38,264.407,24164724,19909500928.0,-2.267,-5.891,0,0
166,20220308,265.177,274.8,283.287,261.0,26799702,21941800960.0,-2.644,-5.759,0,0
167,20220309,279.827,286.323,288.213,277.482,19727992,16697199616.0,-2.842,-4.983,0,0
168,20220310,283.817,279.433,284.48,270.22,19549548,16154800128.0,-3.12,-4.672,0,0
169,20220311,280.066,265.117,285.263,264.167,22345722,17973800960.0,-3.572,-5.112,0,0
170,20220314,260.203,255.457,267.69,252.028,23717420,18189899776.0,-4.126,-5.89,0,0
171,20220315,258.423,267.297,268.413,251.667,22280380,17494800384.0,-4.485,-5.805,0,0
172,20220316,269.667,280.077,282.664,267.297,28009608,23182694400.0,-4.648,-5.0,0,0
173,20220317,276.997,290.533,291.63,275.353,22194324,18931099648.0,-4.656,-3.764,0,0
174,20220318,291.497,301.797,302.582,287.667,33599944,30106724352.0,-4.509,-2.167,0,0
175,20220321,304.993,307.053,313.981,299.223,27327216,25195401216.0,-4.295,-0.621,0,0
176,20220322,310.0,331.327,332.527,307.325,35289520,33818300416.0,-3.763,1.852,0,0
177,20220323,326.647,333.037,346.75,325.397,40225384,40574488576.0,-3.235,3.844,0,0
178,20220324,336.577,337.973,340.883,329.677,22973626,23165059072.0,-2.668,5.603,0,0
179,20220325,336.0,336.88,340.452,332.453,20677182,20764000256.0,-2.146,6.844,0,0
180,20220328,355.033,363.947,365.902,334.333,34168692,36601999360.0,-1.287,9.128,0,0
181,20220329,369.33,366.523,374.82,357.819,24538272,26807699456.0,-0.441,10.923,0,0
182,20220330,363.723,364.663,371.133,361.608,19955002,21844699136.0,0.331,12.083,0,0
183,20220331,364.857,359.2,368.167,358.337,16330919,17678499840.0,0.986,12.547,0,0
184,20220401,360.383,361.53,364.833,355.603,18087740,19559124992.0,1.634,12.866,0,0
185,20220404,363.127,381.817,383.297,357.716,27392568,30780971008.0,2.517,14.002,0,0
186,20220405,378.767,363.753,384.15,361.567,26691672,29765281792.0,3.104,13.766,0,0
187,20220406,357.823,348.587,362.333,342.59,29782844,31227232256.0,3.45,12.616,0,0
188,20220407,350.797,352.42,358.637,340.577,26482352,27694600192.0,3.826,11.755,0,0
189,20220408,347.737,341.83,359.05,340.343,18337896,18893000704.0,4.034,10.382,0,0
190,20220411,326.8,325.31,336.663,320.667,19785736,19548577792.0,4.004,8.318,0,0
191,20220412,332.547,328.983,340.21,321.75,21992032,21867200512.0,4.022,6.793,0,0
192,20220413,327.025,340.79,341.997,324.412,18373736,18339799040.0,4.196,6.13,0,0
193,20220414,333.097,328.333,343.343,327.417,19474136,19242100736.0,4.188,4.887,0,0
194,20220418,329.677,334.763,338.283,324.667,17238408,17204488192.0,4.263,4.188,0,0
195,20220419,335.02,342.717,344.877,332.022,16615944,16967810048.0,4.439,4.003,0,0
196,20220420,343.333,325.733,348.997,324.497,23570442,23529947136.0,4.372,2.924,0,0
197,20220421,358.243,336.26,363.333,332.223,35138780,36755353600.0,4.447,2.592,0,0
198,20220422,338.303,335.017,344.66,331.69,23232186,23536312320.0,4.498,2.236,0,0
199,20220425,326.323,332.673,336.043,320.667,22780444,22463899648.0,4.51,1.807,0,0
200,20220426,331.81,292.14,334.333,287.167,45377888,40966299648.0,3.971,-0.656,0,0
201,20220427,299.527,293.837,305.92,292.483,25652132,22906699776.0,3.483,-2.479,0,0
202,20220428,299.993,292.503,305.0,274.01,41649508,35500199936.0,3.002,-3.936,0,0
203,20220429,300.75,290.253,311.37,290.06,29377664,26361100288.0,2.516,-5.138,0,0
204,20220502,286.923,300.98,303.167,281.337,25260456,22147174400.0,2.2,-5.45,0,0
205,20220503,301.06,303.083,308.0,296.63,21236524,19131799552.0,1.929,-5.513,0,0
206,20220504,301.313,317.54,318.333,295.265,27214568,24961599488.0,1.867,-4.74,0,0
207,20220505,313.07,291.093,316.91,286.058,30839732,27425519616.0,1.45,-5.45,0,0
208,20220506,295.667,288.55,295.99,281.53,24301036,21025699840.0,1.022,-6.064,0,0
209,20220509,278.817,262.37,285.46,260.41,30270074,24517335040.0,0.264,-7.824,0,0
210,20220510,273.103,266.68,274.808,258.333,28133876,22529179648.0,-0.393,-8.87,0,0
211,20220511,265.0,244.667,272.667,242.525,32408152,24646500352.0,-1.309,-10.713,0,0
212,20220512,233.667,242.667,252.97,226.798,46770952,33583499264.0,-2.198,-12.114,0,0
213,20220513,257.827,256.53,262.393,242.667,30716908,23648976896.0,-2.848,-12.328,0,0
214,20220516,255.72,241.457,258.09,239.783,28699512,21172899840.0,-3.662,-13.118,0,0
215,20220517,249.12,253.87,254.68,242.959,26745370,20057559040.0,-4.259,-12.919,0,0
216,20220518,248.173,236.603,253.223,233.333,29270604,21205309440.0,-5.052,-13.492,0,0
217,20220519,235.667,236.473,244.586,229.833,30098892,21349599232.0,-5.796,-13.771,0,0
218,20220520,237.997,221.3,243.52,211.039,48324436,32049559552.0,-6.699,-14.597,0,0
219,20220523,218.34,224.967,227.83,212.86,29668602,19431200768.0,-7.495,-14.861,0,0
220,20220524,217.843,209.387,219.533,206.913,29697504,18897584128.0,-8.45,-15.683,0,0
221,20220525,207.95,219.6,222.915,205.883,30713108,19901100032.0,-9.206,-15.589,0,0
222,20220526,220.473,235.91,239.54,218.05,35334448,24066199552.0,-9.691,-14.466,0,0
223,20220527,241.083,253.21,255.963,235.81,29764994,22031900672.0,-9.907,-12.505,0,0
224,20220531,257.947,252.753,259.444,245.21,33971456,25666000896.0,-10.11,-10.838,0,0
225,20220601,251.72,246.79,256.543,243.793,25749320,19232190464.0,-10.373,-9.708,0,0
226,20220602,244.157,258.333,264.185,242.24,31157706,23880800256.0,-10.457,-8.102,0,0
227,20220603,243.225,234.517,253.733,233.333,37464580,26678200320.0,-10.85,-7.982,0,0
228,20220606,244.353,238.28,245.0,234.363,28068152,20042799104.0,-11.16,-7.59,0,0
229,20220607,234.0,238.887,239.944,230.14,24269676,17091699712.0,-11.436,-7.154,0,0
230,20220608,240.087,241.867,249.833,238.333,25403540,18594199552.0,-11.647,-6.566,0,0
231,20220609,249.34,239.707,255.427,239.333,32163808,23769899008.0,-11.865,-6.136,0,0
232,20220610,235.157,232.23,244.183,227.981,32696966,22596800512.0,-12.163,-6.109,0,0
233,20220613,223.167,215.737,230.297,214.217,34255752,22517041152.0,-12.657,-6.865,0,0
234,20220614,218.287,220.89,226.2,211.793,32662932,21433591808.0,-13.042,-7.098,0,0
235,20220615,220.917,233.0,235.57,218.337,39710644,27142393856.0,-13.232,-6.558,0,0
236,20220616,222.737,213.1,227.083,208.737,35859046,23040200704.0,-13.669,-7.086,0,0
237,20220617,213.433,216.76,220.879,211.503,30880590,19928999936.0,-14.021,-7.215,0,0
238,20220621,224.603,237.037,243.523,222.137,40930984,29163917312.0,-14.068,-6.168,0,0
239,20220622,234.503,236.087,246.67,228.42,33842420,24187500544.0,-14.114,-5.322,0,0
240,20220623,237.905,235.07,241.167,228.767,34784286,24379092992.0,-14.16,-4.647,0,0
241,20220624,237.468,245.707,246.015,235.63,31923564,23155800064.0,-14.049,-3.507,0,0
242,20220627,249.367,244.92,251.76,242.64,29726104,21898700800.0,-13.943,-2.615,0,0
243,20220628,244.483,232.663,249.787,231.133,30222168,21704712192.0,-13.998,-2.522,0,0
244,20220629,230.5,228.49,232.663,222.5,27632418,18706999296.0,-14.094,-2.634,0,0
245,20220630,224.51,224.473,229.346,218.893,31533484,21273923584.0,-14.229,-2.895,0,0
246,20220701,227.0,227.263,230.133,221.04,24820148,16752700416.0,-14.306,-2.917,0,0
247,20220705,223.0,233.067,233.96,216.238,28259704,19065692160.0,-14.29,-2.594,0,0
248,20220706,230.78,231.733,234.43,227.387,23951210,16558513152.0,-14.281,-2.378,0,0
249,20220707,233.92,244.543,245.34,232.622,27310230,19684999168.0,-14.088,-1.513,0,0
250,20220708,242.333,250.763,259.31,240.833,33951360,24595900416.0,-13.812,-0.497,0,0
251,20220711,252.103,234.343,254.483,233.667,33169740,23798202368.0,-13.762,-0.551,0,0
252,20220712,236.847,233.07,239.667,228.393,29310320,20418299904.0,-13.72,-0.653,0,0
253,20220713,225.5,237.04,241.963,224.0,32651500,22962399232.0,-13.617,-0.517,0,0
254,20220714,234.897,238.313,239.48,229.493,26185832,18370480128.0,-13.492,-0.339,0,0
255,20220715,240.0,240.067,243.352,236.467,23496607,16623500288.0,-13.339,-0.104,0,0
256,20220718,244.937,240.547,250.396,239.713,27608876,20318420992.0,-13.179,0.105,0,0
257,20220719,245.0,245.53,247.897,237.007,26963370,19669479424.0,-12.949,0.526,0,0
258,20220720,246.783,247.5,259.0,243.553,29621364,21076899840.0,-12.696,0.949,0,0
259,20220721,255.107,271.707,273.209,250.393,47344060,37721083904.0,-12.121,2.524,0,0
260,20220722,276.22,272.243,280.713,268.673,34490948,28459284480.0,-11.562,3.746,0,0
261,20220725,272.217,268.433,276.523,266.7,21357836,17214418944.0,-11.076,4.452,0,0
262,20220726,266.513,258.86,268.0,256.53,22273586,17434906624.0,-10.739,4.447,0,0
263,20220727,263.81,274.82,275.87,258.86,29369996,23811831808.0,-10.198,5.214,0,0
264,20220728,280.067,280.9,284.563,271.667,28240996,23429484544.0,-9.597,6.06,0,0
265,20220729,280.7,297.15,298.297,279.497,31770960,27511035904.0,-8.804,7.485,0,0
266,20220801,301.275,297.277,311.62,294.167,39014296,35297447936.0,-8.047,8.504,0,0
267,20220802,294.003,300.587,307.823,291.667,31859156,28757317632.0,-7.282,9.36,0,0
268,20220803,305.0,307.397,309.3,301.273,26697036,24523606016.0,-6.464,10.26,0,0
269,20220804,311.0,308.633,313.293,305.163,24085440,22328600576.0,-5.67,10.891,0,0
270,20220805,302.67,288.17,311.677,285.68,37724300,32495843328.0,-5.194,10.179,0,0
271,20220808,295.0,290.423,305.068,289.211,33121758,28747235328.0,-4.71,9.609,0,0
272,20220809,290.293,283.333,294.657,279.353,28748228,24429129728.0,-4.346,8.671,0,0
273,20220810,297.067,294.357,297.89,283.393,31639624,27796049920.0,-3.85,8.401,0,0
274,20220811,296.513,286.63,298.22,285.867,23385016,20095838208.0,-3.484,7.68,0,0
275,20220812,289.415,300.03,301.567,285.507,26552428,23724937216.0,-2.955,7.714,0,0
276,20220815,301.787,309.32,313.095,297.847,29786388,27502495744.0,-2.329,8.123,0,0
277,20220816,311.667,306.563,314.5,302.961,29378774,27158964224.0,-1.774,8.194,0,0
278,20220817,303.397,303.997,309.617,300.047,22921990,20801542144.0,-1.284,8.009,0,0
279,20220818,306.0,302.87,307.503,302.02,15833512,14327085056.0,-0.836,7.702,0,0
280,20220819,299.0,296.667,302.003,292.663,20465128,18156285952.0,-0.496,7.041,0,0
281,20220822,291.913,289.913,292.497,286.433,18614448,16182129664.0,-0.267,6.083,0,0
282,20220823,291.453,296.453,298.81,288.003,21328348,18876465152.0,0.038,5.598,0,0
283,20220824,297.563,297.097,303.5,295.963,19086572,16981719040.0,0.333,5.18,0,0
284,20220825,302.36,296.07,304.33,291.683,53230012,15734157312.0,0.598,4.734,0,0
285,20220826,297.43,288.09,301.82,284.37,57163948,16723575808.0,0.74,3.911,0,0
286,20220829,282.83,284.82,288.09,280.5,41864744,11862835200.0,0.829,3.048,0,0
287,20220830,287.865,277.7,292.5,272.743,50541760,13890701312.0,0.815,1.967,0,0
288,20220831,280.62,275.61,281.15,271.89,52107336,14402988032.0,0.774,0.99,0,0
289,20220901,272.575,277.16,280.25,266.27,54287024,15018127360.0,0.756,0.297,0,0
290,20220902,281.065,270.21,282.48,269.1,50890088,13973138432.0,0.644,-0.609,0,0
291,20220906,272.675,274.42,276.05,265.83,55859984,15270600704.0,0.595,-1.087,0,0
292,20220907,273.1,283.7,283.94,272.213,50028916,14172079104.0,0.673,-0.964,0,0
293,20220908,281.3,289.26,289.99,280.06,53713124,15494453248.0,0.822,-0.567,0,0
294,20220909,291.67,299.68,299.95,289.983,54470856,16256543744.0,1.102,0.291,0,0
295,20220912,300.72,304.42,305.4,299.6,48674604,14758556672.0,1.429,1.202,1,0
296,20220913,292.9,292.13,306.79,290.61,68229616,19802112000.0,1.57,1.258,0,0
297,20220914,292.24,302.61,305.852,289.32,72628656,21943406592.0,1.843,1.83,0,0
298,20220915,301.825,303.75,309.06,299.5,64795524,19547584512.0,2.115,2.311,0,0
299,20220916,299.605,303.35,304.01,295.77,87087784,26412910592.0,2.364,2.635,0,0
300,20220919,300.09,309.07,309.801,298.0,60231156,18545250304.0,2.674,3.15,0,0
301,20220920,306.91,308.73,313.28,305.61,61642784,19018409984.0,2.96,3.493,0,0
302,20220921,308.29,300.8,313.8,299.0,62555656,19231780864.0,3.12,3.303,0,0
303,20220922,299.86,288.59,304.5,285.975,70545416,20554317824.0,3.104,2.478,0,0
304,20220923,283.09,275.33,287.48,272.88,63748360,17576617984.0,2.907,1.114,0,0
305,20220926,271.83,276.01,283.905,270.0,58076912,16097684480.0,2.728,0.072,0,0
306,20220927,283.84,282.94,288.56,276.7,61925184,17434662912.0,2.651,-0.381,0,0
307,20220928,283.08,287.81,288.98,274.79,54664808,15418385408.0,2.642,-0.476,0,0
308,20220929,282.76,268.21,285.39,265.923,77620640,21059872768.0,2.367,-1.562,0,0
309,20220930,266.145,265.25,275.47,262.785,67726600,18104586240.0,2.066,-2.542,0,0
310,20221003,254.5,242.4,266.05,241.08,98363544,24014309376.0,1.472,-4.459,0,0
311,20221004,250.52,249.44,256.78,242.1,109578536,27315943424.0,1.006,-5.53,0,0
312,20221005,245.01,240.81,247.45,233.341,87427984,20721068032.0,0.449,-6.74,0,0
313,20221006,239.44,238.13,244.47,235.457,69298440,16566718464.0,-0.113,-7.735,0,0
314,20221007,233.935,223.07,239.7,221.75,83916800,18973419520.0,-0.845,-9.193,0,0
315,20221010,223.93,222.96,226.98,218.28,67925016,15115366400.0,-1.536,-10.214,0,0
316,20221011,220.945,216.5,224.96,215.04,77013200,16867899392.0,-2.274,-11.214,0,0
317,20221012,215.33,217.24,219.6,211.69,66860700,14344136704.0,-2.958,-11.808,0,0
318,20221013,208.3,221.72,222.92,206.58,91483048,19612493824.0,-3.54,-11.885,0,0
319,20221014,224.01,204.99,226.19,203.515,94124512,19810764800.0,-4.312,-12.66,0,0
320,20221017,210.04,219.35,222.85,207.45,79428808,17146989568.0,-4.842,-12.354,0,0
321,20221018,229.5,220.19,229.57,217.31,75891904,16818733056.0,-5.327,-11.911,0,0
322,20221019,219.8,222.04,228.0,206.62,66571480,14618172416.0,-5.755,-11.315,0,0
323,20221020,208.28,207.28,215.47,202.25,117798064,24537518080.0,-6.354,-11.47,0,0
324,20221021,206.415,214.44,214.95,203.0,75713752,15908727808.0,-6.816,-11.07,0,0
325,20221024,205.82,211.25,213.425,198.61,100446768,20629964800.0,-7.289,-10.781,0,0
326,20221025,210.1,222.415,224.32,208.5,96507872,21230725120.0,-7.58,-9.835,0,0
327,20221026,219.4,224.64,230.38,218.312,85327080,19224057856.0,-7.817,-8.855,0,0
328,20221027,229.77,225.09,233.72,217.58,61638824,13812897792.0,-8.029,-7.953,0,0
329,20221028,225.4,228.52,228.78,215.0,69152384,15456878592.0,-8.175,-6.968,0,0
330,20221031,226.19,227.54,229.79,221.98,61554340,13931171840.0,-8.321,-6.161,0,0
331,20221101,234.05,227.82,237.09,226.51,62688824,14467689472.0,-8.447,-5.438,0,0
332,20221102,226.04,214.98,228.6,213.919,63267836,13995548672.0,-8.733,-5.471,0,0
333,20221103,211.36,215.31,221.08,210.48,56538848,12218488832.0,-8.991,-5.409,0,0
334,20221104,222.6,207.47,223.63,203.09,98622208,20794028032.0,-9.333,-5.697,0,0
335,20221107,208.65,197.08,210.4,196.5,93916520,18762743808.0,-9.788,-6.387,0,0
336,20221108,194.02,191.3,198.91,186.77,128803408,24621191168.0,-10.288,-7.143,0,0
337,20221109,190.775,177.59,195.85,175.61,127062656,23437426688.0,-10.936,-8.351,0,0
338,20221110,189.9,190.72,193.64,174.0,132703016,24797437952.0,-11.36,-8.501,0,0
339,20221111,186.0,195.97,196.52,182.84,114403576,21904068608.0,-11.681,-8.236,0,0
340,20221114,192.77,190.95,195.68,186.39,92226648,17690693632.0,-12.042,-8.182,0,0
341,20221115,195.88,194.42,200.66,191.427,91293784,17945573376.0,-12.326,-7.854,0,0
342,20221116,191.51,186.92,196.6,184.39,66567600,12526722048.0,-12.685,-7.887,0,0
343,20221117,183.96,183.17,188.3,180.94,64335968,11807259648.0,-13.064,-8.004,0,0
344,20221118,185.05,180.19,185.8,176.6,76048864,13616974848.0,-13.451,-8.146,0,0
345,20221121,175.85,167.87,178.3,167.54,92882712,15872207872.0,-13.972,-8.791,0,0
346,20221122,168.63,169.91,171.32,165.41,78452328,13241791488.0,-14.424,-9.074,0,0
347,20221123,173.57,183.2,184.88,169.91,109536712,19562557440.0,-14.66,-8.486,0,0
348,20221125,185.06,182.86,188.49,180.753,50672740,9270671360.0,-14.875,-7.935,0,0
349,20221128,179.96,182.92,188.46,178.01,93038144,17151178752.0,-15.065,-7.4,0,0
350,20221129,184.99,180.83,186.88,178.82,83357112,15210621952.0,-15.261,-6.995,0,0
351,20221130,182.43,194.7,196.55,180.66,109186400,20472115200.0,-15.246,-5.868,0,0
352,20221201,197.08,194.7,198.699,191.82,80046216,15574977536.0,-15.22,-4.914,0,0
353,20221202,191.78,194.86,196.9,189.91,73645920,14210575360.0,-15.181,-4.098,0,0
354,20221205,189.44,182.45,194.23,180.61,93122664,17146870784.0,-15.3,-4.054,0,0
355,20221206,181.215,179.82,183.82,175.44,92150824,16448088064.0,-15.436,-4.104,0,0
356,20221207,175.03,174.04,179.353,172.245,84213280,14659013632.0,-15.629,-4.389,0,0
357,20221208,172.2,173.44,175.7,169.11,97624488,16771366912.0,-15.807,-4.586,0,0
358,20221209,173.84,179.05,182.48,172.31,104872336,18788544512.0,-15.887,-4.388,0,0
359,20221212,176.1,167.82,179.55,167.54,109794472,18565873664.0,-16.101,-4.761,0,0
360,20221213,174.87,160.95,179.0,157.015,175862720,28701685760.0,-16.382,-5.346,0,0
361,20221214,159.25,156.8,161.84,155.36,140682336,22140911616.0,-16.691,-5.948,0,0
362,20221215,153.44,157.67,160.765,151.6,122334456,19277613056.0,-16.957,-6.295,0,0
363,20221216,159.635,150.23,160.885,149.0,139032176,21133273088.0,-17.294,-6.87,0,0
364,20221219,154.0,149.87,158.14,145.88,139390640,20926230528.0,-17.604,-7.247,0,0
365,20221220,146.05,137.8,151.5,137.375,159563264,22751033344.0,-18.044,-8.074,0,0
366,20221221,139.335,137.57,141.43,136.13,145417408,20167446528.0,-18.449,-8.626,0,0
367,20221222,136.0,125.35,139.45,122.41,210090256,26783938560.0,-18.98,-9.578,0,0
368,20221223,126.37,123.15,128.56,121.08,166989696,20584706048.0,-19.496,-10.311,0,0
369,20221227,117.495,109.1,123.9,106.65,208643440,23615895552.0,-20.156,-11.477,0,0
370,20221228,110.35,112.71,116.16,104.25,221070544,24601032704.0,-20.714,-12.049,0,0
371,20221229,120.385,121.82,123.53,114.57,221923312,26757193728.0,-21.101,-11.866,0,0
372,20221230,119.95,123.18,124.45,118.55,157777344,19257651200.0,-21.43,-11.498,0,0
373,20230103,118.47,108.1,120.5,104.67,231402816,25343897600.0,-21.927,-11.845,0,0
374,20230104,109.11,113.64,114.409,107.29,180388976,20160915456.0,-22.304,-11.674,0,0
375,20230105,110.51,110.34,114.83,107.27,157986320,17313101824.0,-22.685,-11.561,0,0
376,20230106,103.0,113.06,114.339,101.22,220911056,24017709056.0,-22.991,-11.181,0,0
377,20230109,118.96,119.77,123.51,113.75,190283952,23022123008.0,-23.17,-10.391,0,0
378,20230110,121.07,118.85,122.7,115.02,167642480,19700252672.0,-23.333,-9.689,0,0
379,20230111,122.09,123.22,125.82,118.23,183810768,22531969024.0,-23.409,-8.788,0,0
380,20230112,122.56,123.56,124.4,117.15,169400912,20445263872.0,-23.457,-7.955,0,0
381,20230113,116.55,122.4,122.61,115.66,180714112,21590720512.0,-23.5,-7.263,0,0
382,20230117,125.695,131.49,132.28,121.04,186476992,24098428928.0,-23.399,-6.157,0,0
383,20230118,136.555,128.78,137.41,126.65,195680320,25430372352.0,-23.322,-5.356,0,0
384,20230119,127.26,127.17,129.91,124.31,170291872,21575026688.0,-23.253,-4.746,0,0
385,20230120,128.68,133.42,133.82,127.52,138858144,18198650880.0,-23.084,-3.884,0,0
386,20230123,135.87,143.75,145.39,134.05,203119216,28660211712.0,-22.768,-2.625,0,0
387,20230124,143.0,143.89,146.3,140.7,158699056,22466746368.0,-22.449,-1.603,0,0
388,20230125,141.905,144.43,152.95,138.159,192734352,25806415872.0,-22.124,-0.758,0,0
389,20230126,159.965,160.27,160.94,153.61,234815088,36851605504.0,-21.586,0.733,0,0
390,20230127,162.43,177.9,180.63,158.02,306590624,52873302016.0,-20.824,2.802,0,0
391,20230130,178.05,166.66,179.89,165.79,230878800,39702208512.0,-20.241,3.793,0,0
392,20230131,164.57,173.22,174.23,163.33,196813536,33513574400.0,-19.586,4.857,0,0
393,20230201,173.89,181.41,184.84,170.03,213806320,37056139264.0,-18.843,6.049,0,0
394,20230202,187.325,188.27,196.65,182.69,217448288,41103974400.0,-18.034,7.255,0,0
395,20230203,183.95,189.98,198.95,183.0,232662016,44973842432.0,-17.235,8.19,0,0
396,20230206,193.01,194.76,197.415,189.11,186188128,36073783296.0,-16.403,9.06,0,0
397,20230207,196.43,196.81,197.8,189.64,186010320,35978530816.0,-15.578,9.727,0,0
398,20230208,196.1,201.29,202.79,194.63,180673648,36188094464.0,-14.727,10.353,0,0
399,20230209,207.775,207.32,213.927,202.88,215431440,44852473856.0,-13.831,11.019,0,0
400,20230210,202.225,196.89,206.62,193.1,204754128,40561438720.0,-13.117,10.854,0,0
401,20230213,194.415,194.64,199.5,187.8,172475456,33331847168.0,-12.463,10.467,0,0
402,20230214,191.94,209.25,211.74,189.501,216455712,43338829824.0,-11.64,10.789,0,0
403,20230215,211.755,214.24,216.19,206.19,182108576,38486028288.0,-10.787,11.159,0,0
404,20230216,210.78,202.04,217.78,196.81,229883184,47868424192.0,-10.139,10.668,0,0
405,20230217,199.985,208.31,209.77,197.68,213738544,43032395776.0,-9.436,10.473,0,0
406,20230221,204.99,197.37,209.41,195.81,180018592,36060401664.0,-8.913,9.617,0,0
407,20230222,197.93,200.86,202.99,191.905,191828464,38632689664.0,-8.365,9.006,0,0
408,20230223,203.91,202.07,205.0,196.4,146359952,29357688832.0,-7.826,8.476,0,0
409,20230224,196.325,196.88,199.9,192.9,142228112,27822276608.0,-7.381,7.683,0,0
410,20230227,202.03,207.63,209.29,198.05,161028320,32949786624.0,-6.811,7.524,0,0
411,20230228,210.59,205.71,212.42,203.78,153144912,31550726144.0,-6.294,7.202,0,0
412,20230301,206.21,202.77,209.05,189.19,156852784,31593824256.0,-5.841,6.706,0,0
413,20230302,186.74,190.9,193.655,185.65,181979152,34538340352.0,-5.57,5.615,0,0
414,20230303,194.795,197.79,200.47,192.1,154193280,30346541056.0,-5.217,5.05,0,0
415,20230306,198.54,193.81,199.6,192.426,128100104,24893534208.0,-4.933,4.337,0,0
416,20230307,191.38,187.71,194.51,186.14,148125792,28003309568.0,-4.744,3.409,0,0
417,20230308,185.04,182.0,188.0,180.02,151897760,27505995776.0,-4.639,2.345,0,0
418,20230309,180.25,172.92,185.16,169.66,170023792,30053908480.0,-4.659,1.013,0,0
419,20230310,175.13,173.44,178.23,168.59,191488864,33221343232.0,-4.667,-0.011,0,0
420,20230313,167.455,174.48,179.24,164.07,168545608,28800516096.0,-4.657,-0.754,0,1
421,20230314,177.31,183.26,184.47,174.05,143717904,25933987840.0,-4.525,-0.868,0,0
422,20230315,180.8,180.45,185.66,176.12,145995584,25962407936.0,-4.436,-1.091,0,0
423,20230316,180.365,184.13,185.74,178.98,121374456,22118410240.0,-4.298,-1.059,0,0
424,20230317,184.515,180.13,185.95,177.41,133496288,23925387264.0,-4.218,-1.229,0,0
425,20230320,178.08,183.25,186.3,176.3,129684360,23708702720.0,-4.098,-1.183,0,0
426,20230321,188.28,197.58,197.98,184.0,153391440,29704171520.0,-3.788,-0.387,0,0
427,20230322,199.3,191.15,200.51,189.86,150376368,29558136832.0,-3.579,-0.096,0,0
428,20230323,195.26,192.22,199.26,188.69,144193872,27955445760.0,-3.365,0.187,0,0
429,20230324,191.65,190.41,194.28,187.23,116531584,22009448448.0,-3.185,0.312,0,0
430,20230327,194.415,191.81,197.18,189.61,120851584,23318796288.0,-2.994,0.477,0,0
431,20230328,192.0,189.19,193.18,185.45,98654632,18559895552.0,-2.847,0.464,0,0
432,20230329,193.13,193.88,195.22,189.56,123660024,23683328000.0,-2.643,0.692,0,0
433,20230330,195.58,195.28,197.29,194.21,110252240,21589219328.0,-2.429,0.932,0,0
434,20230331,197.53,207.46,208.0,195.16,170222112,34644885504.0,-2.061,1.741,0,0
435,20230403,199.91,194.77,204.49,192.211,169545904,33106165760.0,-1.884,1.689,0,0
436,20230404,197.32,192.58,198.645,190.33,126463848,24315764736.0,-1.745,1.513,0,0
437,20230405,190.515,185.52,193.98,183.772,133882496,24843491328.0,-1.708,0.989,0,0
438,20230406,183.08,185.06,187.19,179.855,123857936,22726070272.0,-1.678,0.544,0,0
439,20230410,179.94,184.51,185.88,176.11,142154640,25739685888.0,-1.656,0.162,0,0
440,20230411,186.69,186.79,189.15,184.8,115770896,21624131584.0,-1.602,-0.02,0,0
441,20230412,190.74,180.54,191.525,179.76,150256272,27701469184.0,-1.635,-0.486,0,1
442,20230413,182.955,185.9,186.465,181.01,112932984,20855928832.0,-1.593,-0.564,0,0
443,20230414,183.95,185.0,186.249,182.03,96438664,17741864960.0,-1.564,-0.664,0,0
444,20230417,186.32,187.04,189.675,182.72,116662192,21584185344.0,-1.507,-0.628,0,0
445,20230418,187.15,184.31,188.55,183.61,92067016,17035176960.0,-1.49,-0.733,0,0
446,20230419,179.1,180.59,183.5,169.15,125732688,22621380608.0,-1.522,-0.999,0,0
447,20230420,166.165,162.99,169.64,160.57,210970816,34614489088.0,-1.789,-2.107,0,0
448,20230421,164.8,165.08,165.978,161.393,123538952,20276414464.0,-2.011,-2.835,0,0
449,20230424,164.65,162.55,165.484,158.64,140006560,22531917824.0,-2.253,-3.497,0,0
450,20230425,159.82,160.67,163.455,158.84,121999312,19575719936.0,-2.505,-4.065,0,0
451,20230426,160.29,153.75,162.47,152.92,153364144,23768102912.0,-2.833,-4.814,0,0
452,20230427,152.64,160.19,160.85,151.71,127015176,19968899072.0,-3.054,-5.001,0,0
453,20230428,160.9,164.31,164.98,157.4,122515808,19902406656.0,-3.204,-4.867,0,0
454,20230501,163.17,161.83,164.72,158.89,109015048,17533192192.0,-3.377,-4.829,0,0
455,20230502,161.88,160.31,165.389,158.95,128259744,20760432640.0,-3.557,-4.815,0,0
456,20230503,160.01,160.61,164.99,159.94,119727968,19547797504.0,-3.72,-4.726,0,0
457,20230504,162.71,161.2,163.23,159.75,95108496,15354659840.0,-3.863,-4.565,0,0
458,20230505,163.97,170.06,170.73,161.2,107607256,18042773504.0,-3.876,-3.92,0,0
459,20230508,173.72,171.79,174.4,169.26,112249448,19181969408.0,-3.861,-3.277,0,0
460,20230509,168.95,169.15,170.67,166.61,88965040,14953888768.0,-3.879,-2.87,0,0
461,20230510,172.55,168.54,174.27,166.772,119840696,20372025344.0,-3.902,-2.547,0,0
462,20230511,168.7,172.08,174.9,166.855,103889928,17267582976.0,-3.872,-2.079,0,0
463,20230512,176.07,167.98,177.229,167.12,157849632,26949312512.0,-3.897,-1.9,0,0
464,20230515,167.655,166.35,169.9,164.65,105592512,17603807232.0,-3.939,-1.82,0,0
465,20230516,165.65,166.52,169.46,164.52,98288792,16037184512.0,-3.973,-1.726,0,0
466,20230517,168.41,173.86,174.485,166.52,125473560,21623140352.0,-3.903,-1.249,0,0
467,20230518,174.22,176.89,179.0,172.54,109520336,19138105344.0,-3.793,-0.703,0,0
468,20230519,177.17,180.14,181.94,176.48,136196672,24402114560.0,-3.642,-0.1,0,0
469,20230522,180.7,188.87,189.39,179.76,132001432,24386465792.0,-3.379,0.825,0,0
470,20230523,186.2,185.77,192.92,184.64,156952128,29499820032.0,-3.171,1.373,0,0
471,20230524,182.23,182.9,187.63,178.255,137605056,24712179712.0,-3.01,1.634,0,0
472,20230525,186.54,184.47,187.25,180.68,96870720,17832933376.0,-2.836,1.898,0,0
473,20230526,184.62,193.17,198.536,184.02,162061504,31172978688.0,-2.551,2.53,0,0
474,20230530,200.1,201.16,204.45,195.8,128818744,25802299392.0,-2.173,3.405,0,0
475,20230531,199.78,203.93,203.93,195.18,150711744,30045659136.0,-1.778,4.187,0,0
476,20230601,202.59,207.52,209.75,199.51,148029936,30314635264.0,-1.355,4.928,0,0
477,20230602,210.15,213.97,217.2,208.41,164398368,35158511616.0,-0.868,5.777,0,0
478,20230605,217.8,217.61,221.07,213.91,151143056,32941715456.0,-0.359,6.552,0,0
479,20230606,216.14,221.31,225.47,212.84,146911584,31574335488.0,0.17,7.263,0,0
480,20230607,228.0,224.57,230.73,222.7,185710784,42004094976.0,0.714,7.893,0,0
481,20230608,224.22,234.86,248.77,222.23,164489744,36372389888.0,1.364,8.815,0,0
482,20230609,249.07,244.4,252.295,242.2,200242368,49391030272.0,2.105,9.915,0,0
483,20230612,247.94,249.83,250.95,244.675,150740528,37276114944.0,2.876,10.925,0,0
484,20230613,253.51,258.71,261.93,251.15,162384336,41021132800.0,3.72,12.032,0,0
485,20230614,260.17,256.79,264.84,250.79,170575536,43573841920.0,4.486,12.638,0,0
486,20230615,248.4,255.9,258.95,247.32,160171232,40867012608.0,5.194,12.9,0,0
487,20230616,258.92,260.54,263.574,254.12,168083680,43578429440.0,5.919,13.178,0,0
488,20230620,261.5,274.45,278.44,256.36,165611216,44355993600.0,6.786,13.946,0,0
489,20230621,275.13,259.46,279.5,256.0,211797104,56085585920.0,7.396,13.584,0,0
490,20230622,250.77,264.61,266.75,248.78,166875936,43131260928.0,8.034,13.394,0,0
491,20230623,259.29,256.6,263.0,252.58,177460800,45675098112.0,8.522,12.655,0,0
492,20230626,250.065,241.05,258.18,238.51,179990560,44676820992.0,8.765,11.108,0,0
493,20230627,243.24,250.21,251.0,241.105,164968208,40520032256.0,9.111,10.233,0,0
494,20230628,249.7,256.24,259.74,246.61,159770800,40803590144.0,9.511,9.732,0,0
495,20230629,258.03,257.5,261.4,253.82,131283360,33570811904.0,9.898,9.281,0,0
496,20230630,260.6,261.77,264.45,258.34,112620784,29589581824.0,10.313,9.031,0,0
497,20230703,276.49,279.82,284.14,275.0,119685888,33400735744.0,10.939,9.656,0,0
498,20230705,278.82,282.48,283.85,276.16,131530864,36627316736.0,11.557,10.156,0,0
499,20230706,278.09,276.54,281.5,273.046,120707416,33379303424.0,12.049,10.105,0,0
500,20230707,278.43,274.43,280.473,273.3,113879176,31491352576.0,12.476,9.825,0,0
501,20230710,276.47,269.61,277.46,265.12,119425408,32242761728.0,12.804,9.228,0,0
502,20230711,268.65,269.79,271.44,266.49,91972360,24707155968.0,13.105,8.653,0,0
503,20230712,276.325,271.99,277.628,270.87,95672136,26166419456.0,13.408,8.206,0,0
504,20230713,274.59,277.9,279.34,270.657,112681456,30841303040.0,13.763,8.059,0,0
505,20230714,277.01,281.38,285.23,276.1,120062368,33724815360.0,14.133,8.02,0,0
506,20230717,286.625,290.38,292.105,283.55,131569592,37674205184.0,14.593,8.353,0,0
507,20230718,290.15,293.34,295.22,286.024,112434712,32451397632.0,15.055,8.658,0,0
508,20230719,296.04,291.26,299.24,275.82,142355360,41832787968.0,15.45,8.675,0,0
509,20230720,279.56,262.9,284.6,260.24,175158272,47109693440.0,15.428,7.103,0,0
510,20230721,268.0,260.02,268.9,256.08,162156288,42348498944.0,15.356,5.636,0,0
511,20230724,255.85,269.06,270.88,254.0,137005040,35946336256.0,15.398,4.889,0,0
512,20230725,272.38,265.28,274.0,264.02,112757328,30272800768.0,15.374,4.047,0,0
513,20230726,263.25,264.35,267.95,261.875,95856176,25385353216.0,15.327,3.29,0,0
514,20230727,268.31,255.71,269.98,255.13,103697264,27088480256.0,15.154,2.209,0,0
515,20230728,259.86,266.44,267.33,258.1,111446024,29323827200.0,15.124,1.895,0,0
516,20230731,267.48,267.43,268.889,263.813,84582176,22487386112.0,15.096,1.677,0,0
517,20230801,266.26,261.07,267.5,258.5,83645720,21672282112.0,14.972,1.155,0,0
518,20230802,255.57,254.11,259.36,250.54,101752864,25745332224.0,14.75,0.372,0,0
519,20230803,252.04,259.32,261.4,251.35,97829544,25111257088.0,14.599,0.028,0,0
520,20230804,260.97,253.86,264.561,253.1,99539904,25584828416.0,14.371,-0.525,0,0
521,20230807,251.45,251.45,257.1,242.834,111097944,27540948992.0,14.113,-1.074,0,0
522,20230808,247.45,249.7,250.904,245.06,96642184,23961208832.0,13.834,-1.578,0,0
523,20230809,250.87,242.19,252.1,241.35,101596320,24859488256.0,13.459,-2.341,0,0
524,20230810,245.4,245.34,251.76,242.0,109498608,26988386304.0,13.137,-2.742,0,0
525,20230811,241.77,242.65,246.0,238.26,99048328,23888596992.0,12.787,-3.158,0,0
526,20230814,235.7,239.76,240.54,233.9,98595328,23389757440.0,12.408,-3.591,0,0
527,20230815,238.73,232.96,240.284,231.22,88197600,20595247104.0,11.949,-4.235,0,0
528,20230816,228.02,225.6,233.86,223.05,112484520,25619687424.0,11.407,-5.065,0,0
529,20230817,226.06,219.22,229.2,216.39,120718416,26864041984.0,10.801,-5.977,0,0
530,20230818,214.12,215.49,218.8,212.461,136276576,29294315520.0,10.171,-6.803,0,0
531,20230821,221.551,231.28,233.45,218.86,135702672,30650533888.0,9.782,-6.539,0,0
532,20230822,240.25,233.19,241.49,229.6,130653112,30568071168.0,9.433,-6.149,0,0
533,20230823,229.34,236.86,243.7,226.6,101077632,23328624640.0,9.146,-5.574,0,0
534,20230824,238.66,230.04,244.0,228.385,99777432,23033425920.0,8.776,-5.408,0,0
535,20230825,231.31,238.59,239.64,227.9,106612232,24940339200.0,8.536,-4.765,0,0
536,20230828,242.58,238.82,244.43,235.46,107673728,25647366144.0,8.306,-4.19,0,0
537,20230829,238.58,257.18,257.7,237.2,134047600,33490771968.0,8.33,-2.733,0,0
538,20230830,254.2,256.9,260.45,250.77,122047768,31143684096.0,8.342,-1.577,0,0
539,20230831,255.98,258.08,261.14,255.0,108861696,28125114368.0,8.363,-0.595,0,0
540,20230901,257.26,245.01,259.24,242.555,132541640,32805154816.0,8.2,-0.5,0,0
541,20230905,245.0,256.49,257.97,242.61,129469568,32772589568.0,8.194,0.176,0,0
542,20230906,255.135,251.92,257.48,245.13,116959760,29094432768.0,8.12,0.463,1,0
543,20230907,245.07,251.49,252.785,243.3,115312888,28542828544.0,8.039,0.659,0,0
544,20230908,251.22,248.5,256.475,246.771,118559632,29717678080.0,7.915,0.647,0,0
545,20230911,264.27,273.58,274.785,257.98,174667856,46868652032.0,8.131,1.933,0,0
546,20230912,270.76,267.48,278.2,266.623,135999872,36907831296.0,8.246,2.592,0,0
547,20230913,270.07,271.3,274.78,267.5,111673736,30208665600.0,8.399,3.271,0,0
548,20230914,271.32,276.04,277.0,270.681,107709840,29419880448.0,8.6,4.004,0,0
549,20230915,277.55,274.39,278.925,271.102,133692312,36617224192.0,8.761,4.437,0,0
550,20230918,271.16,265.28,276.02,263.945,101665020,27009173504.0,8.783,4.244,0,0
551,20230919,264.35,266.5,267.71,261.291,103704040,27415775232.0,8.813,4.102,0,0
552,20230920,267.04,262.59,273.855,262.08,122514640,32864604160.0,8.782,3.734,0,0
553,20230921,257.85,255.7,262.38,253.5,119951520,30711447552.0,8.652,3.042,0,0
554,20230922,257.4,244.88,258.47,243.2,127524080,31949901824.0,8.377,1.9,0,0
555,20230925,243.38,246.99,248.28,238.373,104636560,25455081472.0,8.14,1.096,0,0
556,20230926,242.98,244.12,249.49,241.757,101993632,24945762304.0,7.871,0.306,0,0
557,20230927,244.262,240.5,246.3,234.745,136597184,32819222528.0,7.562,-0.502,0,0
558,20230928,240.02,246.38,247.97,238.22,117058872,28505597952.0,7.344,-0.819,0,0
559,20230929,250.0,250.22,254.705,246.45,128522728,32182353920.0,7.185,-0.857,0,0
560,20231002,244.81,251.6,254.2,239.37,123810400,30789365760.0,7.047,-0.803,0,0
561,20231003,248.61,246.53,250.89,244.53,101985304,25146146816.0,6.844,-1.014,0,0
562,20231004,248.14,261.16,261.82,243.45,129721568,33155115008.0,6.844,-0.405,0,0
563,20231005,260.0,260.05,263.524,256.287,119159216,30934523904.0,6.824,0.017,0,0
564,20231006,253.98,260.53,261.629,250.744,118121808,30231361536.0,6.806,0.37,1,0
565,20231009,255.31,259.67,261.35,252.111,101377944,25924331520.0,6.772,0.596,0,0
566,20231010,257.75,263.62,268.88,257.41,122656032,32410726400.0,6.787,0.97,0,0
567,20231011,266.2,262.99,268.53,260.92,103706264,27385640960.0,6.788,1.216,0,0
568,20231012,262.92,258.87,265.359,256.66,111508112,29074671616.0,6.728,1.177,0,0
569,20231013,258.9,251.12,259.495,250.255,102296784,25925468160.0,6.562,0.73,0,0
570,20231016,250.05,253.92,255.36,247.65,88917176,22435368960.0,6.438,0.517,0,0
571,20231017,250.1,254.85,257.15,247.215,93562912,23637280768.0,6.328,0.392,0,0
572,20231018,252.7,242.68,254.469,230.0,125147848,30736549888.0,6.055,-0.342,0,0
573,20231019,225.95,220.11,232.5,216.78,170834672,37673750528.0,5.488,-2.082,0,0
574,20231020,217.01,211.99,221.18,210.5,138010096,29441826816.0,4.84,-3.833,0,0
575,20231023,210.0,212.08,216.846,202.64,150683360,31786928128.0,4.227,-5.142,0,0
576,20231024,216.5,216.52,221.86,214.115,118231112,25696772096.0,3.705,-5.866,0,0
577,20231025,215.88,212.42,220.062,207.0,107065088,22826995712.0,3.154,-6.566,0,0
578,20231026,211.32,205.76,214.75,203.501,115112632,23926855680.0,2.543,-7.372,0,0
579,20231027,210.6,207.3,212.1,205.811,94881176,19741884416.0,1.985,-7.825,0,0
580,20231030,209.28,197.36,211.0,194.719,136448160,27147843584.0,1.324,-8.592,0,0
581,20231031,196.12,200.84,202.786,193.83,118068272,23500521472.0,0.746,-8.898,0,0
582,20231101,204.04,205.66,208.0,197.9,121661656,24545118208.0,0.265,-8.77,0,0
583,20231102,212.97,218.51,219.14,208.26,125987624,27222937600.0,-0.014,-7.889,0,0
584,20231103,221.15,219.96,226.175,215.54,119534792,26436026368.0,-0.259,-7.025,0,0
585,20231106,223.98,219.27,226.9,215.059,117335824,25720213504.0,-0.498,-6.296,0,0
586,20231107,219.98,222.18,223.05,215.79,116900128,25577340928.0,-0.684,-5.495,0,0
587,20231108,223.15,222.11,224.051,217.683,106584840,23320002560.0,-0.86,-4.803,0,0
588,20231109,219.75,209.98,221.11,206.77,142110448,29972189184.0,-1.188,-4.832,0,0
589,20231110,210.03,214.65,215.32,205.21,131310128,27726252032.0,-1.434,-4.549,0,0
590,20231113,215.6,223.71,226.26,211.7,140447568,31009824768.0,-1.543,-3.799,0,0
591,20231114,235.03,237.41,240.69,226.38,149771648,34794008576.0,-1.459,-2.453,0,0
592,20231115,239.29,242.84,246.65,236.764,150353968,36459184128.0,-1.306,-1.091,0,0
593,20231116,239.49,233.59,242.84,231.0,136816816,31991779328.0,-1.285,-0.495,0,0
594,20231117,232.0,234.3,237.31,226.635,142766240,33242886144.0,-1.255,0.012,0,0
595,20231120,234.04,235.6,237.08,231.28,116562400,27211960320.0,-1.208,0.474,0,0
596,20231121,235.04,241.2,243.45,233.66,122288000,29331283968.0,-1.087,1.12,0,0
597,20231122,242.04,234.21,243.78,231.51,118117080,27657115648.0,-1.066,1.245,0,0
598,20231124,233.75,235.45,238.69,231.5,65125204,15361862656.0,-1.029,1.391,0,0
599,20231127,236.89,236.08,238.25,232.23,112031760,26332211200.0,-0.985,1.519,0,0
600,20231128,236.68,246.72,249.49,234.04,148549920,35773988864.0,-0.799,2.152,0,0
601,20231129,249.21,244.14,252.665,242.85,135401328,33502509056.0,-0.658,2.483,0,0
602,20231130,245.14,240.08,246.84,232.47,132353200,31495047168.0,-0.579,2.498,0,0
603,20231201,233.14,238.83,240.13,232.05,121331712,28659316736.0,-0.521,2.412,0,0
604,20231204,235.75,235.58,239.75,233.312,104099816,24560304128.0,-0.51,2.145,0,0
605,20231205,233.87,238.72,246.56,232.5,137971120,33228636160.0,-0.457,2.072,0,0
606,20231206,242.92,239.37,246.48,238.86,126436176,30739992576.0,-0.397,2.022,0,0
607,20231207,241.55,242.64,244.035,237.09,107142264,25782976512.0,-0.297,2.127,0,0
608,20231208,240.27,243.84,245.25,239.5,103126832,24997873664.0,-0.186,2.244,0,0
609,20231211,242.74,239.74,245.0,237.48,97913888,23458387968.0,-0.136,2.092,0,0
610,20231212,238.55,237.01,241.1,233.93,95346968,22413101056.0,-0.126,1.805,0,0
611,20231213,234.19,239.29,240.261,228.27,146286352,34151944192.0,-0.086,1.676,0,0
612,20231214,241.22,251.05,253.86,240.081,160851184,39899979776.0,0.111,2.165,0,0
613,20231215,251.21,253.5,254.2,248.47,135932768,34140672000.0,0.329,2.645,0,0
614,20231218,253.78,252.08,258.74,250.94,116416488,29619748864.0,0.516,2.911,0,0
615,20231219,253.48,257.22,258.28,252.55,106737368,27363975168.0,0.761,3.348,0,0
616,20231220,256.41,247.14,259.82,246.53,125096984,31652956160.0,0.855,3.121,0,0
617,20231221,251.9,254.5,255.34,248.608,109594224,27511097344.0,1.043,3.286,0,0
618,20231222,256.76,252.54,258.13,251.45,93370096,23770974208.0,1.192,3.27,0,0
619,20231226,254.49,256.61,257.93,253.021,86892384,22225948672.0,1.387,3.426,0,0
620,20231227,258.35,261.44,263.285,257.0,106494360,27877367808.0,1.635,3.755,0,0
621,20231228,263.66,253.18,265.035,252.31,113619944,29341702144.0,1.756,3.533,0,0
622,20231229,255.1,248.48,256.19,247.5,100891576,25167820800.0,1.805,3.07,0,0
623,20240102,250.08,248.42,251.05,244.477,104654160,25903632384.0,1.849,2.666,0,0
624,20240103,244.98,238.45,247.9,236.35,121082600,28989464576.0,1.755,1.799,0,0
625,20240104,239.25,237.93,242.62,237.55,102629280,24631625728.0,1.658,1.073,0,0
626,20240105,236.86,237.49,240.069,235.175,92488936,21958842368.0,1.559,0.47,0,0
627,20240108,236.14,240.45,241.18,234.8,85166576,20263180288.0,1.504,0.148,0,0
628,20240109,238.11,234.96,239.87,232.116,96705664,22634561536.0,1.377,-0.39,0,0
629,20240110,235.1,233.94,236.47,231.466,91628504,21338353664.0,1.243,-0.857,0,0
630,20240111,230.57,227.22,236.0,225.0,105873616,24025589760.0,1.024,-1.559,0,0
631,20240112,220.08,218.89,225.309,217.204,123043808,27063705600.0,0.705,-2.518,0,0
632,20240116,215.1,219.91,223.469,212.315,115355048,25252841472.0,0.417,-3.18,0,0
633,20240117,214.86,215.55,217.64,212.07,103164400,21979127808.0,0.087,-3.881,0,0
634,20240118,216.88,211.88,219.25,208.78,108595432,22924050432.0,-0.274,-4.568,0,0
635,20240119,209.99,212.19,213.12,207.605,102260344,21452374016.0,-0.61,-5.027,0,0
636,20240122,212.26,208.8,217.755,206.367,117952528,24597921792.0,-0.972,-5.496,0,0
637,20240123,211.3,209.14,215.619,207.785,106605944,22442809344.0,-1.308,-5.772,0,0
638,20240124,211.88,207.83,212.78,195.0,123369936,25665187840.0,-1.642,-5.981,0,0
639,20240125,189.7,182.63,195.46,180.08,198076784,36532445184.0,-2.295,-7.374,0,0
640,20240126,185.5,183.25,186.39,182.13,107343232,19711430656.0,-2.901,-8.333,0,0
641,20240129,185.63,190.93,192.59,183.78,125013152,23442712576.0,-3.366,-8.572,0,0
642,20240130,195.33,191.59,196.279,182.56,109982328,21159251968.0,-3.793,-8.613,0,0
643,20240131,186.995,187.29,193.812,185.04,103221432,19557011456.0,-4.25,-8.756,0,0
644,20240201,188.5,188.86,191.59,184.339,91843272,17172047872.0,-4.657,-8.673,0,0
645,20240202,185.04,187.91,190.34,182.22,110612672,20432037888.0,-5.05,-8.544,0,0
646,20240205,184.26,181.06,186.96,175.02,134294448,24082724864.0,-5.508,-8.689,0,0
647,20240206,177.21,185.1,186.46,175.87,122675952,22413389824.0,-5.882,-8.479,0,0
648,20240207,188.18,187.58,190.54,182.711,111535216,20826277888.0,-6.196,-8.077,0,0
649,20240208,189.0,189.56,191.53,185.6,83034040,15700726784.0,-6.461,-7.556,0,0
650,20240209,190.18,193.57,194.081,189.57,84476344,16234285056.0,-6.651,-6.843,0,0
651,20240212,192.11,188.13,195.26,187.32,95498600,18143512576.0,-6.898,-6.481,0,0
652,20240213,183.99,184.02,188.15,182.0,86759480,15948854272.0,-7.182,-6.329,0,0
653,20240214,185.3,188.71,194.05,183.476,81202984,15008318464.0,-7.38,-5.884,0,0
654,20240215,189.16,200.45,202.27,189.01,120831760,23643299840.0,-7.402,-4.851,0,0
655,20240216,202.06,199.95,205.39,197.46,111346704,22282022912.0,-7.425,-4.01,0,0
656,20240220,196.13,193.76,198.485,189.18,104545760,20059203584.0,-7.523,-3.623,0,0
657,20240221,193.36,194.77,199.339,191.449,103860672,20196831232.0,-7.596,-3.223,0,0
658,20240222,194.0,197.41,198.26,191.395,92739464,18035183616.0,-7.624,-2.731,0,0
659,20240223,195.31,191.97,197.32,190.86,78841920,15292385280.0,-7.717,-2.596,0,0
660,20240226,192.29,199.4,201.738,190.08,111747120,22166689792.0,-7.698,-2.07,0,0
661,20240227,204.04,199.73,205.444,198.336,108645408,21830619136.0,-7.67,-1.617,0,0
662,20240228,200.42,202.04,205.26,198.57,99806176,20124491776.0,-7.607,-1.123,0,0
663,20240229,204.18,201.88,205.12,198.533,85906976,17280106496.0,-7.543,-0.731,0,0
664,20240301,200.52,202.64,204.43,198.57,82243120,16551683072.0,-7.466,-0.377,0,0
665,20240304,198.73,188.14,202.0,185.52,134873352,25426094080.0,-7.584,-0.85,0,0
666,20240305,183.05,180.74,185.39,177.59,119660760,21548097536.0,-7.789,-1.591,0,0
667,20240306,179.99,176.54,183.78,173.791,107920944,18962882560.0,-8.032,-2.367,0,0
668,20240307,174.35,178.65,180.0,172.12,102129008,18088902656.0,-8.227,-2.831,0,0
669,20240308,181.5,175.34,183.498,174.74,85544640,15081973760.0,-8.449,-3.327,0,0
670,20240311,175.445,177.77,182.83,175.05,85391528,15278640128.0,-8.618,-3.545,0,0
671,20240312,177.77,177.54,180.33,172.44,87391680,15377138688.0,-8.774,-3.68,0,0
672,20240313,173.05,169.48,178.39,167.7,106524520,18073481216.0,-9.023,-4.157,0,0
673,20240314,167.77,162.5,171.035,160.546,126325696,20699312128.0,-9.345,-4.836,0,0
674,20240315,163.16,163.57,165.14,160.831,97146832,15799814144.0,-9.627,-5.248,0,0
675,20240318,170.02,173.8,174.62,163.162,108214360,18537433088.0,-9.747,-4.969,0,0
676,20240319,172.36,171.32,175.66,167.45,77271424,13178443776.0,-9.885,-4.816,0,0
677,20240320,173.0,175.66,178.0,170.88,83846728,14525162496.0,-9.95,-4.408,0,0
678,20240321,176.39,172.82,178.85,171.82,73178016,12732762112.0,-10.041,-4.181,0,0
679,20240322,166.69,170.83,173.3,165.5,75580640,12763880448.0,-10.145,-4.053,0,0
680,20240325,168.76,172.63,175.2,167.75,74228616,12714533888.0,-10.212,-3.807,0,0
681,20240326,178.58,177.67,184.245,174.56,113186224,20429873152.0,-10.198,-3.305,0,0
682,20240327,181.41,179.83,181.819,176.091,81804040,14633594880.0,-10.148,-2.758,0,0
683,20240328,177.45,175.79,180.9,175.03,77654840,13699505152.0,-10.148,-2.506,0,0
684,20240401,176.17,175.22,178.25,170.22,81562128,14083280896.0,-10.147,-2.306,0,0
685,20240402,164.75,166.63,174.38,162.02,116650592,19277576192.0,-10.254,-2.567,0,0
686,20240403,164.02,168.38,170.0,163.49,82950144,13750439936.0,-10.323,-2.646,0,0
687,20240404,170.07,171.11,177.1,168.04,123161960,21258008576.0,-10.343,-2.532,0,0
688,20240405,169.08,164.9,173.2,160.56,143157600,23826163712.0,-10.438,-2.732,0,0
689,20240408,169.34,172.98,174.448,167.4,104423320,17961605120.0,-10.409,-2.433,0,0
690,20240409,172.91,176.88,179.15,171.63,103232672,18053296128.0,-10.322,-1.966,0,0
691,20240410,173.04,171.76,178.5,170.015,84532408,14469037056.0,-10.3,-1.842,0,0
692,20240411,172.55,174.6,175.87,168.56,94515984,16274097152.0,-10.234,-1.574,0,0
693,20240412,172.34,171.05,174.2,170.451,64722668,11110657024.0,-10.21,-1.53,0,0
694,20240415,170.24,161.48,172.1,160.241,100245312,16448790528.0,-10.31,-1.972,0,0
695,20240416,156.742,157.11,160.44,153.89,96999952,15142260736.0,-10.454,-2.518,0,0
696,20240417,157.64,155.45,159.79,153.85,82439720,12843580416.0,-10.604,-2.997,0,0
697,20240418,151.25,149.93,156.06,148.0,96098832,14433097728.0,-10.812,-3.619,0,0
698,20240419,148.97,147.05,150.768,145.32,87074496,12909173760.0,-11.038,-4.205,0,0
699,20240422,140.56,142.05,145.48,138.97,107097568,15140028416.0,-11.309,-4.868,0,0
700,20240423,143.33,144.68,163.98,140.99,124545104,18340083712.0,-11.521,-5.184,0,0
701,20240424,162.84,162.13,167.816,157.59,181178016,29323687936.0,-11.476,-4.456,0,0
702,20240425,158.96,170.18,173.3,158.11,126427520,20743948288.0,-11.316,-3.413,0,0
703,20240426,168.85,168.29,173.78,166.395,109815728,18579032064.0,-11.182,-2.655,0,0
704,20240429,188.42,194.05,198.57,175.35,243869680,46421012480.0,-10.699,-0.691,0,0
705,20240430,186.98,183.28,193.46,180.59,127031784,23555028992.0,-10.38,0.289,0,0
706,20240501,182.0,179.99,185.83,178.03,92829720,16862658560.0,-10.116,0.878,0,0
707,20240502,182.86,180.01,185.5,176.05,89148040,15955560448.0,-9.858,1.326,0,0
708,20240503,182.1,181.19,184.605,178.46,75491536,13646536704.0,-9.591,1.72,0,0
709,20240506,183.8,184.76,187.47,182.1,84390256,15535694848.0,-9.284,2.19,0,0
710,20240507,182.4,177.81,185.36,176.52,75045856,13417458688.0,-9.081,2.166,0,0
711,20240508,171.59,174.72,177.7,170.245,79969488,13867889664.0,-8.924,1.959,0,0
712,20240509,175.01,171.97,175.89,171.423,65950292,11405275136.0,-8.806,1.63,0,1
713,20240510,173.05,168.47,174.35,167.5,72627176,12269612032.0,-8.735,1.17,0,0
714,20240513,170.0,171.89,175.375,168.74,67018904,11529310208.0,-8.615,0.974,0,0
715,20240514,174.496,177.55,179.43,171.3,86407424,15243574272.0,-8.418,1.103,0,0
716,20240515,179.9,173.99,181.77,173.17,79927436,13872579584.0,-8.275,1.004,0,0
717,20240516,174.1,174.84,175.753,171.535,59812220,10404672512.0,-8.121,0.958,0,0
718,20240517,173.55,177.46,179.62,172.82,77445848,13672556544.0,-7.934,1.046,0,0
719,20240520,177.56,174.95,178.75,173.628,61727424,10698480640.0,-7.786,0.971,0,0
720,20240521,175.51,186.6,187.42,173.02,115266512,20807315456.0,-7.482,1.504,0,0
721,20240522,182.85,180.11,184.93,178.15,88313280,15939196928.0,-7.278,1.564,0,0
722,20240523,181.8,173.74,182.8,173.28,71975496,12658491392.0,-7.165,1.259,0,0
723,20240524,174.835,179.24,180.05,173.8,65584480,11662329856.0,-6.98,1.29,0,0
724,20240528,176.4,176.75,179.24,173.192,59736620,10461071360.0,-6.832,1.169,0,0
725,20240529,174.19,176.19,178.02,173.9,54782648,9618070528.0,-6.695,1.03,0,0
726,20240530,178.575,178.79,182.612,174.81,77784752,13881034752.0,-6.526,1.043,0,0
727,20240531,178.5,178.08,180.584,173.85,67314600,11889635328.0,-6.371,1.003,0,0
728,20240603,178.13,176.29,182.385,174.51,68568920,12199998464.0,-6.244,0.866,0,0
729,20240604,174.775,174.77,177.73,174.02,60056340,10520201216.0,-6.139,0.669,0,0
730,20240605,175.35,175.0,176.16,172.165,57953756,10092301312.0,-6.033,0.519,0,0
731,20240606,174.6,177.94,179.7,172.81,69887024,12310351872.0,-5.888,0.548,0,0
732,20240607,176.13,177.48,179.32,175.46,56244932,9987460096.0,-5.753,0.539,0,0
733,20240610,176.06,173.79,178.46,173.222,50869680,8871657472.0,-5.671,0.334,0,0
734,20240611,173.92,170.66,174.56,167.514,64761928,10928745472.0,-5.631,0.007,0,0
735,20240612,171.12,177.29,180.485,169.52,90389448,15964722176.0,-5.5,0.096,0,0
736,20240613,188.39,182.47,191.58,181.327,118984120,22039132160.0,-5.302,0.434,0,0
737,20240614,185.8,178.01,186.4,176.98,82038192,14710212608.0,-5.171,0.46,0,0
738,20240617,177.92,187.44,188.73,176.54,109786080,20278003712.0,-4.916,0.964,0,0
739,20240618,186.56,184.86,188.89,182.41,68982264,12680997888.0,-4.707,1.21,0,0
740,20240620,184.68,181.57,185.99,179.754,55893140,10158834688.0,-4.55,1.215,0,0
741,20240621,182.3,183.01,183.88,180.35,63029480,11474146304.0,-4.38,1.278,0,0
742,20240624,184.97,182.58,188.34,182.18,61992072,11430775808.0,-4.221,1.289,0,0
743,20240625,184.4,187.35,187.9,182.11,63678264,11809513472.0,-4.004,1.528,0,0
744,20240626,186.54,196.37,197.68,186.37,95737064,18456997888.0,-3.674,2.163,0,0
745,20240627,195.17,197.42,198.658,194.181,72746520,14239971328.0,-3.346,2.684,0,0
746,20240628,199.55,197.88,203.125,195.275,95438064,18985723904.0,-3.028,3.079,0,0
747,20240701,201.02,209.86,213.198,198.35,135691392,28209489920.0,-2.564,3.969,0,0
748,20240702,218.89,231.26,231.39,205.7,205047920,46409953280.0,-1.836,5.723,0,0
749,20240703,234.56,246.39,248.33,231.72,166561472,40261738496.0,-0.944,7.801,0,0
750,20240705,249.81,251.52,253.09,242.73,154501152,38200270848.0,-0.033,9.586,0,0
751,20240708,247.71,252.94,259.36,244.577,157219584,39587635200.0,0.846,10.926,0,0
752,20240709,251.0,262.33,265.476,250.06,160742512,41725464576.0,1.8,12.316,0,0
753,20240710,262.8,263.26,267.53,258.02,128519432,33801650176.0,2.71,13.287,0,0
754,20240711,263.3,241.03,270.69,235.44,221707280,55206850560.0,3.267,12.717,0,0
755,20240712,235.8,248.23,251.717,231.71,155955776,38362587136.0,3.886,12.481,0,0
756,20240715,255.97,252.64,265.48,251.92,146912928,38011396096.0,4.527,12.365,0,0
757,20240716,255.31,256.56,258.44,245.93,126332472,31879649280.0,5.18,12.317,0,0
758,20240717,252.73,248.5,258.321,246.235,115584808,28878438400.0,5.683,11.701,0,0
759,20240718,251.09,249.23,257.09,247.36,110869040,27863209984.0,6.162,11.107,0,0
760,20240719,247.79,239.2,250.26,236.93,87403904,21052700672.0,6.474,9.979,0,0
761,20240722,244.21,251.51,253.17,241.37,101225432,25109712896.0,6.929,9.61,0,0
762,20240723,253.6,246.38,255.653,225.011,111928192,27474489344.0,7.283,8.931,0,0
763,20240724,225.42,215.99,230.18,213.96,168191192,36743892992.0,7.202,6.707,0,0
764,20240725,216.8,220.25,225.91,210.25,100636464,22285930496.0,7.176,5.109,0,0
765,20240726,221.19,219.8,225.6,215.39,94604144,20685438976.0,7.141,3.773,0,0
766,20240729,224.9,232.1,234.149,219.8,129201792,29695813632.0,7.267,3.323,0,0
767,20240730,232.25,222.62,235.98,219.61,100717072,22624268288.0,7.253,2.436,0,0
768,20240731,227.9,232.07,234.454,223.73,67497008,15544949760.0,7.361,2.204,0,0
769,20240801,227.69,216.86,233.21,214.4,83861896,18454386688.0,7.252,1.205,0,0
770,20240802,214.8,214.69,221.85,210.1,3184008,680866752.0,7.115,0.298,0,0
