,dt,open,close,high,low,vol,ts,icon_1,icon_2,icon_11,icon_12,icon_13,icon_41,icon_34,icon_35,icon_38,icon_39,jw1,jw5,jw30,baijiao
0,2024-05-20 21:31:00,177.56,177.2,178.75,177.2,1542122,1716211860,,,,,,,,,,,56.726519122562706,12.741377311465328,55.71956677616501,-1.4782635560363908
1,2024-05-20 21:32:00,176.77,176.566,176.83,176.4,539983,1716211920,,,,,,,,,,,46.08286206010882,12.741377311465328,55.71956677616501,-46.39324300498236
2,2024-05-20 21:33:00,176.852,176.16,176.852,176.075,441237,1716211980,,,,,,,,,,,35.89492880079237,12.741377311465328,55.71956677616501,-66.21224637604027
3,2024-05-20 21:34:00,176.21,175.75,176.33,175.75,439585,1716212040,,,,,,,,,,,26.267427505005458,12.741377311465328,55.71956677616501,-72.38058481508773
4,2024-05-20 21:35:00,175.689,175.465,175.73,175.465,534276,1716212100,,,,,,,,,,,17.764060031764387,7.371408462441437,55.71956677616501,-75.28482045642667
5,2024-05-20 21:36:00,175.62,175.4,176.02,175.4,544849,1716212160,,,,,,,,,,,10.2777307660443,7.371408462441437,55.71956677616501,-76.77266605487888
6,2024-05-20 21:37:00,175.3,175.01,175.39,175.01,528510,1716212220,,,,,,,,,,,3.7106273578345963,7.371408462441437,55.71956677616501,-77.63287424753155
7,2024-05-20 21:38:00,175.07,174.98,175.215,174.98,418700,1716212280,,,,,,,,,,,-2.02654106601841,7.371408462441437,55.71956677616501,-78.16573791349101
8,2024-05-20 21:39:00,175.135,174.945,175.26,174.93,487314,1716212340,,,,,,,,,,,-6.940201747152926,7.371408462441437,55.71956677616501,-78.51013506431072
9,2024-05-20 21:40:00,174.96,174.57,175.0,174.57,625265,1716212400,,,,,,,,,,,-11.262999250939828,2.6608071163475415,55.71956677616501,-78.71370361252046
10,2024-05-20 21:41:00,174.751,174.875,175.033,174.751,447329,1716212460,,,,,,,,,,,-13.584107387073388,2.6608071163475415,55.71956677616501,-78.87645821106052
11,2024-05-20 21:42:00,174.84,174.59,174.84,174.57,504617,1716212520,1.0,,,,,,,,,,-16.81627740822543,2.6608071163475415,55.71956677616501,-78.46915153293017
12,2024-05-20 21:43:00,174.79,174.695,174.93,174.63,375060,1716212580,,,,,,,,,,,-19.074927291652443,2.6608071163475415,55.71956677616501,-78.67540790339461
13,2024-05-20 21:44:00,174.856,175.315,175.315,174.829,460905,1716212640,,,,,,,,,,,-18.109731630211684,2.6608071163475415,55.71956677616501,-78.61528978002762
14,2024-05-20 21:45:00,175.46,175.48,175.59,175.245,512598,1716212700,,,,,,,,,,,-16.354852119611536,1.9893085127820171,55.71956677616501,-77.14077468381905
15,2024-05-20 21:46:00,175.45,175.29,175.62,175.11,407617,1716212760,,,,,,,,,,,-15.525398672185162,1.9893085127820171,55.71956677616501,-75.20566862991213
16,2024-05-20 21:47:00,175.4,175.585,175.585,175.18,336788,1716212820,,,,,,,,,,,-13.308545097642622,1.9893085127820171,55.71956677616501,-74.18961568272813
17,2024-05-20 21:48:00,175.52,175.46,175.52,175.12,481554,1716212880,,,,,,,,,,,-11.781853428254678,1.9893085127820171,55.71956677616501,-71.74241945312313
18,2024-05-20 21:49:00,175.44,174.97,175.44,174.97,400414,1716212940,,,,,,,,,,,-12.545238757094438,1.9893085127820171,55.71956677616501,-70.29819408825475
19,2024-05-20 21:50:00,174.819,174.59,174.89,174.57,493011,1716213000,,,,,,,,,,,-14.849318750935112,-1.8882163146880373,55.71956677616501,-72.31367736666382
20,2024-05-20 21:51:00,174.684,174.952,174.952,174.676,355438,1716213060,,,,,,,,,,,-15.13322784713381,-1.8882163146880373,55.71956677616501,-75.16975398208656
21,2024-05-20 21:52:00,175.11,175.06,175.11,174.97,268049,1716213120,,,,,,,,,,,-14.778888827391825,-1.8882163146880373,55.71956677616501,-75.21876574891951
22,2024-05-20 21:53:00,175.07,174.67,175.07,174.67,285599,1716213180,,,,,,,,,,,-16.13553037189724,-1.8882163146880373,55.71956677616501,-74.68262019184999
23,2024-05-20 21:54:00,174.705,174.84,174.966,174.705,237782,1716213240,,,,,,,,,,,-16.457723638912434,-1.8882163146880373,55.71956677616501,-76.03894106686553
24,2024-05-20 21:55:00,174.87,174.86,174.92,174.788,233400,1716213300,,,,,,,,,,,-16.5450954783484,-4.094145174646059,55.71956677616501,-76.12708900357002
25,2024-05-20 21:56:00,174.745,174.385,174.745,174.385,485440,1716213360,,,,,,,,,,,-17.842728122169433,-4.094145174646059,55.71956677616501,-76.04817961983775
26,2024-05-20 21:57:00,174.38,174.35,174.397,174.2,486546,1716213420,,,,,,,,,,,-18.263772692429455,-4.094145174646059,55.71956677616501,-77.20476031454812
27,2024-05-20 21:58:00,174.321,174.64,174.64,174.321,246846,1716213480,,,,,,,,,,,-17.316654140055704,-4.094145174646059,55.71956677616501,-77.36018494008694
28,2024-05-20 21:59:00,174.674,174.11,174.674,174.054,596330,1716213540,,,,,,,,,,,-17.99187312945098,-4.094145174646059,55.71956677616501,-76.21236013328462
29,2024-05-20 22:00:00,174.075,174.1,174.1,173.975,343069,1716213600,,,,,,,,,,,-18.22240994119096,-6.7099315244974065,50.446992156930676,-77.07304108622566
30,2024-05-20 22:01:00,173.953,174.03,174.03,173.841,429490,1716213660,,,,,,,,,,,-18.095109422708276,-6.7099315244974065,50.446992156930676,-77.32487595114857
31,2024-05-20 22:02:00,173.91,174.22,174.22,173.91,327079,1716213720,,,,,,,,,,,-17.146997910319286,-6.7099315244974065,50.446992156930676,-77.21953537194253
32,2024-05-20 22:03:00,174.13,174.369,174.4,174.13,251584,1716213780,,,,,,,,,,,-15.630496809893302,-6.7099315244974065,50.446992156930676,-76.19474556232868
33,2024-05-20 22:04:00,174.465,174.667,174.667,174.465,256500,1716213840,,,,,,,,,,,-13.032046911855659,-6.7099315244974065,50.446992156930676,-74.33566774902164
34,2024-05-20 22:05:00,174.86,174.89,174.956,174.76,347708,1716213900,,,,,,,,,,,-9.767648852974482,-5.363569412239116,50.446992156930676,-69.55532778524189
35,2024-05-20 22:06:00,174.874,174.869,174.88,174.842,195634,1716213960,,,,,,,,,,,-6.867365308333433,-5.363569412239116,50.446992156930676,-58.91349155406695
36,2024-05-20 22:07:00,174.8,175.22,175.22,174.8,405747,1716214020,,,,,,,,,,,-2.850833031794089,-5.363569412239116,50.446992156930676,-44.69165142482204
37,2024-05-20 22:08:00,175.292,175.184,175.33,175.17,346500,1716214080,,,,,,,,,,,0.64538253659709,-5.363569412239116,50.446992156930676,5.388197669849854
38,2024-05-20 22:09:00,175.24,175.29,175.37,175.24,245097,1716214140,,,,,,,,,,,4.222363205457789,-5.363569412239116,50.446992156930676,35.67392387084053
39,2024-05-20 22:10:00,175.354,175.38,175.435,175.354,232128,1716214200,,,,,,,,,,,7.801109225057253,-2.164320035698424,50.446992156930676,52.01024236373414
40,2024-05-20 22:11:00,175.59,175.66,175.77,175.59,469304,1716214260,,,,,,,,,,,12.113320302231692,-2.164320035698424,50.446992156930676,60.31891820548902
41,2024-05-20 22:12:00,175.74,175.625,175.74,175.625,252246,1716214320,,,,,,,,,,,15.844326815886724,-2.164320035698424,50.446992156930676,68.06327644840029
42,2024-05-20 22:13:00,175.6,175.425,175.6,175.42,269470,1716214380,,,,,,,,,,,18.406930967775764,-2.164320035698424,50.446992156930676,70.27314232767422
43,2024-05-20 22:14:00,175.362,175.07,175.362,175.07,371102,1716214440,,,,,,,,,,,19.318803344659287,-2.164320035698424,50.446992156930676,68.67649234676753
44,2024-05-20 22:15:00,175.257,175.37,175.375,175.257,246734,1716214500,,,,,,,,,,,21.306476568907605,0.7326059951158896,50.446992156930676,60.837505384121606
45,2024-05-20 22:16:00,175.29,175.39,175.405,175.281,147728,1716214560,,,,,,,,,,,26.960836676132516,0.7326059951158896,50.446992156930676,60.44956331320809
46,2024-05-20 22:17:00,175.437,174.97,175.437,174.97,299538,1716214620,,,,,,,,,,,29.32944874920922,0.7326059951158896,50.446992156930676,60.055228635232304
47,2024-05-20 22:18:00,175.15,174.84,175.15,174.84,236230,1716214680,,,,,,,,,,,31.93374529662689,0.7326059951158896,50.446992156930676,46.11022249283803
48,2024-05-20 22:19:00,174.79,174.76,174.877,174.73,191970,1716214740,,,,,,,,,,,34.62845398309177,0.7326059951158896,50.446992156930676,21.722779679149358
49,2024-05-20 22:20:00,174.7,174.71,174.71,174.63,218990,1716214800,,,,,,,,,,,36.57085684560991,0.8218946709560981,50.446992156930676,-7.215163161701783
50,2024-05-20 22:21:00,174.911,175.04,175.122,174.9,235096,1716214860,,,,,,,,,,,42.534783791589646,0.8218946709560981,50.446992156930676,-27.948658936076974
51,2024-05-20 22:22:00,175.201,174.81,175.201,174.81,232260,1716214920,,,,,,,,,,,45.53856412108649,0.8218946709560981,50.446992156930676,-15.78247470570561
52,2024-05-20 22:23:00,174.6,174.56,174.6,174.54,307170,1716214980,,,,,,,,,,,45.69924010036857,0.8218946709560981,50.446992156930676,-25.059705215297605
53,2024-05-20 22:24:00,174.54,174.38,174.54,174.38,250174,1716215040,,,,,,,,,,,44.01845024447836,0.8218946709560981,50.446992156930676,-43.78096978022164
54,2024-05-20 22:25:00,174.325,174.46,174.516,174.325,191872,1716215100,,,,,,,,,,,43.275425436239345,0.0014294651539614733,50.446992156930676,-56.97482205027097
55,2024-05-20 22:26:00,174.525,174.232,174.525,174.178,348836,1716215160,,,,,,,,,,,40.31959550186969,0.0014294651539614733,50.446992156930676,-60.62404653529149
56,2024-05-20 22:27:00,174.06,174.278,174.305,174.06,233786,1716215220,,,,,,,,,,,38.11136209450985,0.0014294651539614733,50.446992156930676,-66.28313833947658
57,2024-05-20 22:28:00,174.34,174.55,174.6,174.34,235820,1716215280,,,,,,,,,,,38.81382269685196,0.0014294651539614733,50.446992156930676,-68.32398173114058
58,2024-05-20 22:29:00,174.601,174.61,174.66,174.582,222946,1716215340,,,,,,,,,,,40.01102850387619,0.0014294651539614733,50.446992156930676,-65.59070975074924
59,2024-05-20 22:30:00,174.57,174.75,174.765,174.55,179000,1716215400,,,,,,,,,,,42.44029660216297,0.4717410456796358,46.954867744886016,-61.835600619881916
60,2024-05-20 22:31:00,174.808,174.556,174.808,174.48,262594,1716215460,,,,,,,,,,,42.65526133351976,0.4717410456796358,46.954867744886016,-54.050140047821245
61,2024-05-20 22:32:00,174.5,174.36,174.5,174.36,170370,1716215520,,,,,,,,,,,40.87585398688756,0.4717410456796358,46.954867744886016,-54.05615272839977
62,2024-05-20 22:33:00,174.563,174.808,174.808,174.563,241456,1716215580,,,,,,,,,,,43.702154385286526,0.4717410456796358,46.954867744886016,-59.70384373055457
63,2024-05-20 22:34:00,174.96,174.9,175.035,174.874,293842,1716215640,,,,,,,,,,,47.104210727707134,0.4717410456796358,46.954867744886016,-47.691425169045765
64,2024-05-20 22:35:00,174.95,174.93,174.985,174.875,131378,1716215700,,,,,,,,,,,50.39964082430066,1.6623896002815712,46.954867744886016,-27.115337821367138
65,2024-05-20 22:36:00,175.06,174.991,175.06,174.94,180956,1716215760,,,,,,,,,,,53.901578467271555,1.6623896002815712,46.954867744886016,-4.014621904885089
66,2024-05-20 22:37:00,174.935,175.08,175.11,174.935,157794,1716215820,,,,,,,,,,,57.859300826448134,1.6623896002815712,46.954867744886016,17.981958431823305
67,2024-05-20 22:38:00,175.242,175.298,175.32,175.242,227424,1716215880,,,,,,,,,,,63.49501514970754,1.6623896002815712,46.954867744886016,36.136273156411264
68,2024-05-20 22:39:00,175.38,175.272,175.38,175.272,135942,1716215940,,,,,,,,,,,68.20025454829374,1.6623896002815712,46.954867744886016,53.782317103612826
69,2024-05-20 22:40:00,175.248,175.47,175.47,175.229,219808,1716216000,,,,,,,,,,,74.28727129099619,4.893043958799666,46.954867744886016,59.17214129782883
70,2024-05-20 22:41:00,175.455,175.26,175.476,175.26,189652,1716216060,,,,,,,,,,,77.55437224561298,4.893043958799666,46.954867744886016,65.30098923081647
71,2024-05-20 22:42:00,175.204,175.299,175.3,175.2,160808,1716216120,,,,,,,,,,,80.7690170546991,4.893043958799666,46.954867744886016,64.01400693510817
72,2024-05-20 22:43:00,175.295,175.34,175.38,175.295,90452,1716216180,,,,,,,,,,,83.95247960662583,4.893043958799666,46.954867744886016,63.366943114001124
73,2024-05-20 22:44:00,175.42,175.37,175.425,175.37,120004,1716216240,,,,,,,,,,,86.9950967884045,4.893043958799666,46.954867744886016,63.19309029573993
74,2024-05-20 22:45:00,175.38,175.39,175.46,175.37,101212,1716216300,,,,,,,,,,,89.80933867044052,7.521594120557353,46.954867744886016,63.09289408806103
75,2024-05-20 22:46:00,175.4,175.33,175.4,175.33,92512,1716216360,,,,,,,,,,,91.46244740071727,7.521594120557353,46.954867744886016,62.839116949383
76,2024-05-20 22:47:00,175.342,175.455,175.455,175.24,180324,1716216420,,,,,,,,,,,93.83573623481685,7.521594120557353,46.954867744886016,60.86722147231613
77,2024-05-20 22:48:00,175.6,175.62,175.659,175.56,316920,1716216480,,,,,,,,,,,97.69271447178951,7.521594120557353,46.954867744886016,61.63037623296346
78,2024-05-20 22:49:00,175.555,175.32,175.555,175.32,173446,1716216540,,,,,,,,,,,97.67101280618058,7.521594120557353,46.954867744886016,64.44929410073257
79,2024-05-20 22:50:00,175.37,175.471,175.471,175.34,107878,1716216600,,,,,,,,,,,99.23308957773607,10.233504518510927,46.954867744886016,60.06546497216597
80,2024-05-20 22:51:00,175.568,175.442,175.568,175.37,144188,1716216660,,,,,,,,,,,100.1954211373894,10.233504518510927,46.954867744886016,59.58799693824522
81,2024-05-20 22:52:00,175.45,175.452,175.52,175.408,106554,1716216720,,,,,,,,,,,101.05936103443536,10.233504518510927,46.954867744886016,71.85181998615687
82,2024-05-20 22:53:00,175.65,175.452,175.65,175.452,168416,1716216780,,,,,,,,,,,101.72458933469538,10.233504518510927,46.954867744886016,75.16087486586963
83,2024-05-20 22:54:00,175.499,175.485,175.52,175.46,110990,1716216840,,,,,,,,,,,102.58257210104465,10.233504518510927,46.954867744886016,78.2510443277559
84,2024-05-20 22:55:00,175.45,175.4,175.462,175.395,103616,1716216900,,,,,,,,,,,102.29445073828133,12.421563894672843,46.954867744886016,80.35926974204477
85,2024-05-20 22:56:00,175.365,175.368,175.368,175.21,170688,1716216960,,,,,,,,,,,101.84050778202258,12.421563894672843,46.954867744886016,80.54612706645929
86,2024-05-20 22:57:00,175.49,175.475,175.49,175.41,146810,1716217020,,,,,,,,,,,103.37107407982893,12.421563894672843,46.954867744886016,80.92109817213685
87,2024-05-20 22:58:00,175.4,175.269,175.43,175.269,85102,1716217080,,,,,,,,,,,102.17614739660777,12.421563894672843,46.954867744886016,81.16120653960643
88,2024-05-20 22:59:00,175.11,174.915,175.11,174.915,247420,1716217140,,,,,,,,,,,96.78618294128015,12.421563894672843,46.954867744886016,80.09800722440629
89,2024-05-20 23:00:00,174.79,174.871,174.91,174.789,222364,1716217200,,,,,,,,,,,91.37252849980837,12.354109110441172,44.0696941382442,76.83725476323293
90,2024-05-20 23:01:00,174.964,174.902,174.964,174.871,105924,1716217260,,,,,,,,,,,86.84646184802233,12.354109110441172,44.0696941382442,72.82000619818777
91,2024-05-20 23:02:00,174.961,175.0,175.0,174.961,101900,1716217320,,,,,,,,,,,83.92309339431853,12.354109110441172,44.0696941382442,69.09581931428369
92,2024-05-20 23:03:00,174.9,174.812,174.9,174.76,139930,1716217380,,,,,,,,,,,79.017837628348,12.354109110441172,44.0696941382442,67.42342937001122
93,2024-05-20 23:04:00,174.746,174.69,174.746,174.62,160638,1716217440,,,,,,,,,,,73.14451040870787,12.354109110441172,44.0696941382442,61.12827778796503
94,2024-05-20 23:05:00,174.654,174.74,174.74,174.565,220328,1716217500,,,,,,,,,,,68.47580825850966,11.823701119097692,44.0696941382442,49.25864424309194
95,2024-05-20 23:06:00,174.73,174.52,174.73,174.5,218334,1716217560,,,,,,,,,,,61.66409886767906,11.823701119097692,44.0696941382442,40.175934134891946
96,2024-05-20 23:07:00,174.426,174.42,174.46,174.4,243234,1716217620,,,,,,,,,,,54.38894671977164,11.823701119097692,44.0696941382442,10.08884339842974
97,2024-05-20 23:08:00,174.381,174.29,174.381,174.29,151352,1716217680,,,,,,,,,,,46.35606586488268,11.823701119097692,44.0696941382442,-24.110053722157943
98,2024-05-20 23:09:00,174.32,174.325,174.37,174.31,147852,1716217740,,,,,,,,,,,39.63475298665716,11.823701119097692,44.0696941382442,-47.92511748635076
99,2024-05-20 23:10:00,174.28,174.338,174.368,174.28,95114,1716217800,,,,,,,,,,,33.83262023337238,9.825482859323834,44.0696941382442,-55.36021578113502
100,2024-05-20 23:11:00,174.34,174.385,174.418,174.325,217270,1716217860,,,,,,,,,,,29.266961215476073,9.825482859323834,44.0696941382442,-58.39321538985837
101,2024-05-20 23:12:00,174.34,174.35,174.475,174.34,121124,1716217920,,,,,,,,,,,22.335758754883273,9.825482859323834,44.0696941382442,-58.34033525796006
102,2024-05-20 23:13:00,174.38,174.262,174.38,174.262,114772,1716217980,,,,,,,,,,,15.251094707886807,9.825482859323834,44.0696941382442,-59.192602939136975
103,2024-05-20 23:14:00,174.28,174.25,174.32,174.25,147562,1716218040,,,,,,,,,,,9.011782494912623,9.825482859323834,44.0696941382442,-62.125945743494306
104,2024-05-20 23:15:00,174.26,174.25,174.279,174.25,154210,1716218100,,,,,,,,,,,3.5365959338554944,7.7435499297356145,44.0696941382442,-63.88465949702969
105,2024-05-20 23:16:00,174.282,174.18,174.3,174.18,159272,1716218160,,,,,,,,,,,-1.2486181190380705,7.7435499297356145,44.0696941382442,-64.73089779426287
106,2024-05-20 23:17:00,174.09,174.131,174.18,174.07,241090,1716218220,,,,,,,,,,,-4.677866846534613,7.7435499297356145,44.0696941382442,-66.64595190806128
107,2024-05-20 23:18:00,174.132,174.191,174.24,174.132,145480,1716218280,,,,,,,,,,,-6.90564339437681,7.7435499297356145,44.0696941382442,-68.5601117302693
108,2024-05-20 23:19:00,174.234,174.36,174.38,174.234,179670,1716218340,,,,,,,,,,,-6.749163628800829,7.7435499297356145,44.0696941382442,-68.44297685329373
109,2024-05-20 23:20:00,174.46,174.398,174.47,174.396,163188,1716218400,,,,,,,,,,,-6.044711897827796,6.508744015999447,44.0696941382442,-64.16908890812527
110,2024-05-20 23:21:00,174.38,174.495,174.495,174.357,114388,1716218460,,,,,,,,,,,-4.145817241211191,6.508744015999447,44.0696941382442,-58.47694633920406
111,2024-05-20 23:22:00,174.53,174.255,174.53,174.22,181552,1716218520,,,,,,,,,,,-5.240881779267127,6.508744015999447,44.0696941382442,-49.92815116562379
112,2024-05-20 23:23:00,174.236,174.251,174.251,174.15,136364,1716218580,,,,,,,,,,,-6.167875748480469,6.508744015999447,44.0696941382442,-62.51877367818144
113,2024-05-20 23:24:00,174.32,174.27,174.335,174.232,153208,1716218640,,,,,,,,,,,-6.668836395101877,6.508744015999447,44.0696941382442,-67.39296495922436
114,2024-05-20 23:25:00,174.28,174.445,174.499,174.28,152046,1716218700,,,,,,,,,,,-4.91490144396451,5.6375666125376895,44.0696941382442,-69.27398038049918
115,2024-05-20 23:26:00,174.392,174.461,174.461,174.351,165844,1716218760,,,,,,,,,,,-3.0678633478409694,5.6375666125376895,44.0696941382442,-65.70569024277515
116,2024-05-20 23:27:00,174.461,174.58,174.58,174.461,198220,1716218820,,,,,,,,,,,0.09533857557369174,5.6375666125376895,44.0696941382442,-61.60814082718966
117,2024-05-20 23:28:00,174.64,174.58,174.68,174.49,212822,1716218880,,,,,,,,,,,2.993062558062647,5.6375666125376895,44.0696941382442,-49.74119661614327
118,2024-05-20 23:29:00,174.568,174.515,174.612,174.515,95640,1716218940,,,,,,,,,,,4.864883470159484,5.6375666125376895,44.0696941382442,-35.90553845448125
119,2024-05-20 23:30:00,174.49,174.35,174.49,174.35,189612,1716219000,,,,,,,,,,,4.613815970860259,4.538460345386383,40.53255700103752,-32.68641779696776
120,2024-05-20 23:31:00,174.49,174.48,174.51,174.458,131600,1716219060,,,,,,,,,,,6.0164456615686674,4.538460345386383,40.53255700103752,-49.06447777687279
121,2024-05-20 23:32:00,174.458,174.308,174.458,174.264,139388,1716219120,,,,,,,,,,,5.257562979901024,4.538460345386383,40.53255700103752,-44.59396676073869
122,2024-05-20 23:33:00,174.32,174.41,174.41,174.32,92376,1716219180,,,,,,,,,,,5.889754078752588,4.538460345386383,40.53255700103752,-55.22578825651026
123,2024-05-20 23:34:00,174.4,174.467,174.57,174.4,126008,1716219240,,,,,,,,,,,7.19937750504792,4.538460345386383,40.53255700103752,-52.99631046978976
124,2024-05-20 23:35:00,174.446,174.61,174.61,174.421,108916,1716219300,,,,,,,,,,,10.149558000679875,4.619128701229116,40.53255700103752,-45.3482749615337
125,2024-05-20 23:36:00,174.587,174.572,174.587,174.5,85356,1716219360,,,,,,,,,,,12.366648279853408,4.619128701229116,40.53255700103752,-12.824091654178938
126,2024-05-20 23:37:00,174.51,174.796,174.796,174.51,204344,1716219420,,,,,,,,,,,17.093650286526383,4.619128701229116,40.53255700103752,7.328897750057223
127,2024-05-20 23:38:00,174.783,174.775,174.838,174.74,154688,1716219480,,,,,,,,,,,21.85016131084771,4.619128701229116,40.53255700103752,51.04653362001747
128,2024-05-20 23:39:00,174.705,174.72,174.811,174.705,112704,1716219540,,,,,,,,,,,25.56868083570906,4.619128701229116,40.53255700103752,61.078984496368406
129,2024-05-20 23:40:00,174.756,174.63,174.756,174.59,113866,1716219600,,,,,,,,,,,27.68646120307274,4.816354554094978,40.53255700103752,62.2462866027438
130,2024-05-20 23:41:00,174.61,174.624,174.624,174.57,89458,1716219660,,,,,,,,,,,29.50275496500167,4.816354554094978,40.53255700103752,57.49545809889715
131,2024-05-20 23:42:00,174.62,174.447,174.62,174.447,102712,1716219720,,,,,,,,,,,28.96890859697932,4.816354554094978,40.53255700103752,52.68642924880057
132,2024-05-20 23:43:00,174.5,174.27,174.501,174.26,158472,1716219780,,,,,,,,,,,26.875822260585537,4.816354554094978,40.53255700103752,25.614527832717826
133,2024-05-20 23:44:00,174.182,174.375,174.375,174.182,176312,1716219840,,,,,,,,,,,27.61094226892925,4.816354554094978,40.53255700103752,-34.54288683784617
134,2024-05-20 23:45:00,174.28,174.32,174.334,174.22,101192,1716219900,,,,,,,,,,,27.144129837917355,3.831333962429561,40.53255700103752,-46.0474282329503
135,2024-05-20 23:46:00,174.293,174.234,174.293,174.234,74824,1716219960,,,,,,,,,,,24.96905404019195,3.831333962429561,40.53255700103752,-55.46476435379379
136,2024-05-20 23:47:00,174.144,173.99,174.144,173.975,490804,1716220020,,,,,,,,,,,19.98150140928101,3.831333962429561,40.53255700103752,-63.79148409802125
137,2024-05-20 23:48:00,173.902,174.18,174.18,173.902,193976,1716220080,,,,,,,,,,,20.92144286244026,3.831333962429561,40.53255700103752,-71.61859689370837
138,2024-05-20 23:49:00,174.17,174.17,174.17,174.121,209752,1716220140,,,,,,,,,,,21.5750773767397,3.831333962429561,40.53255700103752,-69.76644359219803
139,2024-05-20 23:50:00,174.149,174.149,174.149,174.12,58168,1716220200,,,,,,,,,,,21.747056963780267,2.333894455871821,40.53255700103752,-68.38476554855642
140,2024-05-20 23:51:00,174.159,174.15,174.18,174.09,85368,1716220260,,,,,,,,,,,21.937918510798504,2.333894455871821,40.53255700103752,-67.81086090773678
141,2024-05-20 23:52:00,174.17,173.86,174.17,173.86,227112,1716220320,,,,,,,,,,,17.060809319172655,2.333894455871821,40.53255700103752,-67.17900607382983
142,2024-05-20 23:53:00,173.94,173.89,173.95,173.89,141092,1716220380,,,,,,,,,,,13.322709895229735,2.333894455871821,40.53255700103752,-73.10212896694219
143,2024-05-20 23:54:00,173.89,173.88,173.96,173.88,126272,1716220440,,,,,,,,,,,9.825421039722968,2.333894455871821,40.53255700103752,-75.19451781720124
144,2024-05-20 23:55:00,173.78,173.871,173.872,173.78,302584,1716220500,,,,,,,,,,,7.997266213036099,0.19782496959692963,40.53255700103752,-76.46502241101106
145,2024-05-20 23:56:00,173.894,173.695,173.908,173.695,264396,1716220560,,,,,,,,,,,4.7636517717261455,0.19782496959692963,40.53255700103752,-76.32937719749168
146,2024-05-20 23:57:00,173.674,173.661,173.705,173.63,217420,1716220620,,,,,,,,,,,2.416076659951692,0.19782496959692963,40.53255700103752,-77.36877288770593
147,2024-05-20 23:58:00,173.69,174.042,174.06,173.69,224220,1716220680,,,,,,,,,,,6.39933904159323,0.19782496959692963,40.53255700103752,-77.66580760815059
148,2024-05-20 23:59:00,174.07,174.19,174.194,174.05,218100,1716220740,,,,,,,,,,,12.33377121971774,0.19782496959692963,40.53255700103752,-71.31374717398997
149,2024-05-21 00:00:00,174.11,174.07,174.112,174.06,87624,1716220800,,,,,,,,,,,15.75608336952181,-0.3632310425372509,36.870586617768566,-48.32083533159053
150,2024-05-21 00:01:00,173.998,174.114,174.281,173.998,188368,1716220860,,,,,,,,,,,19.525254283335194,-0.3632310425372509,36.870586617768566,-23.80406297532765
151,2024-05-21 00:02:00,174.06,174.1,174.122,174.01,116028,1716220920,,,,,,,,,,,22.67842776290641,-0.3632310425372509,36.870586617768566,11.828454532981244
152,2024-05-21 00:03:00,174.113,174.18,174.234,174.113,124716,1716220980,,,,,,,,,,,26.76295696700347,-0.3632310425372509,36.870586617768566,28.890731974469276
153,2024-05-21 00:04:00,174.164,174.15,174.165,174.14,52532,1716221040,,,,,,,,,,,29.929830250960443,-0.3632310425372509,36.870586617768566,48.30421706854395
154,2024-05-21 00:05:00,174.142,174.14,174.18,174.135,74836,1716221100,,,,,,,,,,,32.588619871095425,-0.5508796418073274,36.870586617768566,52.695352580419254
155,2024-05-21 00:06:00,174.166,174.2,174.23,174.166,71544,1716221160,,,,,,,,,,,35.89674808292708,-0.5508796418073274,36.870586617768566,53.55215214385934
156,2024-05-21 00:07:00,174.17,174.161,174.215,174.161,70704,1716221220,,,,,,,,,,,38.21166945443125,-0.5508796418073274,36.870586617768566,58.230941125120715
157,2024-05-21 00:08:00,174.19,174.24,174.24,174.183,83564,1716221280,,,,,,,,,,,41.503573820094914,-0.5508796418073274,36.870586617768566,57.414454881693906
158,2024-05-21 00:09:00,174.18,174.26,174.33,174.18,127476,1716221340,,,,,,,,,,,44.72756681374724,-0.5508796418073274,36.870586617768566,61.592971908254285
159,2024-05-21 00:10:00,174.199,174.03,174.221,174.03,82008,1716221400,,,,,,,,,,,43.930316896197965,-1.078213512096731,36.870586617768566,64.10071038988592
160,2024-05-21 00:11:00,174.065,174.018,174.07,174.018,116928,1716221460,,,,,,,,,,,42.997899341786955,-1.078213512096731,36.870586617768566,49.70741156459054
161,2024-05-21 00:12:00,173.961,174.045,174.045,173.85,183888,1716221520,,,,,,,,,,,42.56446261651939,-1.078213512096731,36.870586617768566,29.79921296366616
162,2024-05-21 00:13:00,174.11,174.08,174.139,174.06,79044,1716221580,,,,,,,,,,,42.70411744577326,-1.078213512096731,36.870586617768566,16.546298909368176
163,2024-05-21 00:14:00,174.08,174.064,174.17,174.021,88496,1716221640,,,,,,,,,,,42.54841185614194,-1.078213512096731,36.870586617768566,21.186221889561647
164,2024-05-21 00:15:00,174.075,174.05,174.09,174.04,29196,1716221700,,,,,,,,,,,42.16186077973291,-1.4234128457172588,36.870586617768566,21.696357770666964
165,2024-05-21 00:16:00,174.1,173.94,174.12,173.94,88264,1716221760,,,,,,,,,,,40.052020996505576,-1.4234128457172588,36.870586617768566,18.543220111997005
166,2024-05-21 00:17:00,173.92,173.992,173.992,173.868,119056,1716221820,,,,,,,,,,,38.97282531159396,-1.4234128457172588,36.870586617768566,-10.759789657924951
167,2024-05-21 00:18:00,174.05,173.96,174.07,173.96,80540,1716221880,,,,,,,,,,,37.48644496979306,-1.4234128457172588,36.870586617768566,-13.422915136295122
168,2024-05-21 00:19:00,173.88,173.88,173.93,173.88,89564,1716221940,,,,,,,,,,,34.88081242273243,-1.4234128457172588,36.870586617768566,-4.990376784578529
169,2024-05-21 00:20:00,173.85,173.69,173.85,173.69,143272,1716222000,,,,,,,,,,,29.54208384175707,-3.025085208134662,36.870586617768566,-17.760082181340128
170,2024-05-21 00:21:00,173.67,173.82,173.82,173.67,126136,1716222060,,,,,,,,,,,26.83889426875769,-3.025085208134662,36.870586617768566,-57.97438210765461
171,2024-05-21 00:22:00,173.8,173.775,173.8,173.715,80940,1716222120,,,,,,,,,,,23.722815633376797,-3.025085208134662,36.870586617768566,-58.41731034791826
172,2024-05-21 00:23:00,173.758,173.628,173.758,173.628,133212,1716222180,,,,,,,,,,,18.662312073306794,-3.025085208134662,36.870586617768566,-61.385015285547404
173,2024-05-21 00:24:00,173.64,173.818,173.818,173.64,91816,1716222240,,,,,,,,,,,17.390177719061946,-3.025085208134662,36.870586617768566,-71.17723121449325
174,2024-05-21 00:25:00,173.85,173.819,173.865,173.812,88592,1716222300,,,,,,,,,,,16.725391380895367,-3.912969329582978,36.870586617768566,-66.21955006928061
175,2024-05-21 00:26:00,173.881,173.92,173.92,173.86,99468,1716222360,,,,,,,,,,,18.11774962997564,-3.912969329582978,36.870586617768566,-60.77256072601962
176,2024-05-21 00:27:00,173.95,173.885,173.96,173.885,104372,1716222420,,,,,,,,,,,19.38156731226541,-3.912969329582978,36.870586617768566,-33.90208793538395
177,2024-05-21 00:28:00,173.94,174.12,174.12,173.94,126476,1716222480,,,,,,,,,,,27.488363292862395,-3.912969329582978,36.870586617768566,-11.540605997509253
178,2024-05-21 00:29:00,174.168,174.133,174.168,174.12,77872,1716222540,,,,,,,,,,,35.80373051726416,-3.912969329582978,36.870586617768566,62.363392740268615
179,2024-05-21 00:30:00,174.13,174.109,174.174,174.07,62996,1716222600,,,,,,,,,,,42.63064273938432,-3.5704080863405068,33.699636062009645,72.89697923398958
180,2024-05-21 00:31:00,174.08,174.07,174.108,174.05,60640,1716222660,,,,,,,,,,,47.63097066127636,-3.5704080863405068,33.699636062009645,75.09964911221005
181,2024-05-21 00:32:00,174.14,174.18,174.27,174.14,119008,1716222720,,,,,,,,,,,55.0495726114175,-3.5704080863405068,33.699636062009645,74.69739288442723
182,2024-05-21 00:33:00,174.1,174.122,174.13,174.1,37024,1716222780,,,,,,,,,,,60.03783142465362,-3.5704080863405068,33.699636062009645,76.70927197420862
183,2024-05-21 00:34:00,174.15,173.932,174.15,173.932,123852,1716222840,,,,,,,,,,,59.25655854697458,-3.5704080863405068,33.699636062009645,76.09648126355047
184,2024-05-21 00:35:00,173.972,174.07,174.13,173.972,81452,1716222900,,,,,,,,,,,62.26197164044979,-3.359909606541642,33.699636062009645,69.02081959699805
185,2024-05-21 00:36:00,174.17,174.12,174.182,174.12,47020,1716222960,,,,,,,,,,,66.24432614672321,-3.359909606541642,33.699636062009645,68.64211942205026
186,2024-05-21 00:37:00,174.16,174.17,174.19,174.11,54944,1716223020,,,,,,,,,,,71.09166140643887,-3.359909606541642,33.699636062009645,70.06921507218814
187,2024-05-21 00:38:00,174.155,174.225,174.225,174.155,86084,1716223080,,,,,,,,,,,76.83872191132966,-3.359909606541642,33.699636062009645,72.06567394931503
188,2024-05-21 00:39:00,174.271,174.31,174.31,174.26,114464,1716223140,,,,,,,,,,,84.19553587908653,-3.359909606541642,33.699636062009645,74.06841157494176
189,2024-05-21 00:40:00,174.38,174.44,174.44,174.38,134872,1716223200,,,,,,,,,,,91.206194196684,-1.742718919868409,33.699636062009645,76.28300420326228
190,2024-05-21 00:41:00,174.461,174.422,174.461,174.352,90792,1716223260,,,,,,,,,,,96.45758223153317,-1.742718919868409,33.699636062009645,78.64301900906773
191,2024-05-21 00:42:00,174.437,174.602,174.602,174.437,163952,1716223320,,,,,,,,,,,101.92181835624945,-1.742718919868409,33.699636062009645,79.10889934209219
192,2024-05-21 00:43:00,174.645,174.58,174.645,174.58,103960,1716223380,,,,,,,,,,,105.4517762976617,-1.742718919868409,33.699636062009645,80.50560588442677
193,2024-05-21 00:44:00,174.6,174.52,174.6,174.5,77560,1716223440,,,,,,,,,,,107.3466265975977,-1.742718919868409,33.699636062009645,80.63546013306284
194,2024-05-21 00:45:00,174.495,174.64,174.64,174.495,98748,1716223500,,,,,,,,,,,111.16497153690493,0.4904741409559321,33.699636062009645,79.90211736386033
195,2024-05-21 00:46:00,174.6,174.52,174.6,174.52,72276,1716223560,,,,,,,,,,,112.1843687067468,0.4904741409559321,33.699636062009645,79.94767814488351
196,2024-05-21 00:47:00,174.49,174.7,174.7,174.48,88416,1716223620,,,,,,,,,,,115.31255388618152,0.4904741409559321,33.699636062009645,78.6614774033432
197,2024-05-21 00:48:00,174.659,174.58,174.659,174.58,73272,1716223680,,,,,,,,,,,115.8301914759639,0.4904741409559321,33.699636062009645,78.91064765462107
198,2024-05-21 00:49:00,174.533,174.615,174.615,174.533,49972,1716223740,,,,,,,,,,,116.78496719736563,0.4904741409559321,33.699636062009645,77.65709610540151
199,2024-05-21 00:50:00,174.62,174.56,174.62,174.545,38412,1716223800,,,,,,,,,,,116.52632852215653,2.222971953033138,33.699636062009645,76.71834673927225
200,2024-05-21 00:51:00,174.55,174.595,174.6,174.538,104264,1716223860,,,,,,,,,,,116.79349554744134,2.222971953033138,33.699636062009645,75.02682388695696
201,2024-05-21 00:52:00,174.579,174.681,174.681,174.579,118388,1716223920,,,,,,,,,,,118.44122511124667,2.222971953033138,33.699636062009645,73.83127571763208
202,2024-05-21 00:53:00,174.657,174.701,174.725,174.62,114796,1716223980,,,,,,,,,,,119.70735541607179,2.222971953033138,33.699636062009645,73.75706865496369
203,2024-05-21 00:54:00,174.69,174.72,174.735,174.69,82620,1716224040,,,,,,,,,,,120.87213570994852,2.222971953033138,33.699636062009645,73.50459273207265
204,2024-05-21 00:55:00,174.72,174.65,174.72,174.62,86824,1716224100,,,,,,,,,,,120.5795300919304,4.138967684886701,33.699636062009645,73.12714402256624
205,2024-05-21 00:56:00,174.67,174.65,174.69,174.65,41548,1716224160,,,,,,,,,,,120.19904724152633,4.138967684886701,33.699636062009645,71.38523853883092
206,2024-05-21 00:57:00,174.625,174.605,174.625,174.55,83612,1716224220,,,,,,,,,,,118.9668301570566,4.138967684886701,33.699636062009645,69.64936873260453
207,2024-05-21 00:58:00,174.603,174.702,174.715,174.603,77204,1716224280,,,,,,,,,,,119.43153803124946,4.138967684886701,33.699636062009645,66.95995615512226
208,2024-05-21 00:59:00,174.69,174.78,174.78,174.672,52928,1716224340,,,,,,,,,,,120.30644673055227,4.138967684886701,33.699636062009645,67.2551158304711
209,2024-05-21 01:00:00,174.774,174.626,174.774,174.626,66712,1716224400,,,,,,,,,,,118.42355459474749,5.788749727209208,33.39955470553868,69.03408061627161
210,2024-05-21 01:01:00,174.61,174.605,174.68,174.605,61532,1716224460,,,,,,,,,,,116.2936706594819,5.788749727209208,33.39955470553868,66.44853222121834
211,2024-05-21 01:02:00,174.41,174.585,174.585,174.41,141252,1716224520,,,,,,,,,,,113.96658322849763,5.788749727209208,33.39955470553868,63.42738134205607
212,2024-05-21 01:03:00,174.675,174.775,174.81,174.675,173880,1716224580,,,,,,,,,,,114.4711841847409,5.788749727209208,33.39955470553868,59.94379629372624
213,2024-05-21 01:04:00,174.765,174.84,174.84,174.765,76788,1716224640,,,,,,,,,,,115.3991667868406,5.788749727209208,33.39955470553868,62.189878345725276
214,2024-05-21 01:05:00,174.89,174.73,174.89,174.73,157868,1716224700,,,,,,,,,,,113.71614021212531,7.674806400877692,33.39955470553868,63.744162279181204
215,2024-05-21 01:06:00,174.67,174.91,174.91,174.67,101632,1716224760,,,,,,,,,,,114.55569027989532,7.674806400877692,33.39955470553868,59.991094041272106
216,2024-05-21 01:07:00,174.969,174.79,174.969,174.735,199204,1716224820,,,,,,,,,,,112.67134128974553,7.674806400877692,33.39955470553868,61.369691244801395
217,2024-05-21 01:08:00,174.83,174.951,174.96,174.83,128604,1716224880,,,,,,,,,,,113.20637852174028,7.674806400877692,33.39955470553868,56.636353351138
218,2024-05-21 01:09:00,174.93,174.928,174.975,174.925,204160,1716224940,,,,,,,,,,,113.09424996283107,7.674806400877692,33.39955470553868,57.784852427931185
219,2024-05-21 01:10:00,174.91,174.92,174.92,174.9,100972,1716225000,,,,,,,,,,,112.75004719461734,10.088207909828682,33.39955470553868,57.00452310739126
220,2024-05-21 01:11:00,174.925,174.93,174.97,174.915,59252,1716225060,,,,,,,,,,,112.5253279161646,10.088207909828682,33.39955470553868,55.63570332886934
221,2024-05-21 01:12:00,174.94,175.051,175.051,174.94,94136,1716225120,,,,,,,,,,,113.04454653358641,10.088207909828682,33.39955470553868,54.451665587960974
222,2024-05-21 01:13:00,175.01,175.04,175.04,175.01,43520,1716225180,,,,,,,,,,,113.25100172761415,10.088207909828682,33.39955470553868,54.58393392954671
223,2024-05-21 01:14:00,175.042,174.93,175.042,174.93,61796,1716225240,,,,,,,,,,,111.48892331650035,10.088207909828682,33.39955470553868,53.699636309755974
224,2024-05-21 01:15:00,174.98,175.23,175.23,174.98,156532,1716225300,,,,,,,,,,,111.92136422353886,13.414487518262774,33.39955470553868,48.529002886931956
225,2024-05-21 01:16:00,175.23,175.14,175.24,175.14,127176,1716225360,,,,,,,,,,,110.7839903399207,13.414487518262774,33.39955470553868,49.09593019387181
226,2024-05-21 01:17:00,175.17,175.03,175.17,175.03,110232,1716225420,,,,,,,,,,,108.10409999958779,13.414487518262774,33.39955470553868,45.23344230907326
227,2024-05-21 01:18:00,175.0,175.011,175.07,175.0,77596,1716225480,,,,,,,,,,,105.38463588280234,13.414487518262774,33.39955470553868,36.885865303090064
228,2024-05-21 01:19:00,174.938,174.88,174.94,174.87,97388,1716225540,,,,,,,,,,,100.83397503333663,13.414487518262774,33.39955470553868,28.867886864980086
229,2024-05-21 01:20:00,174.885,174.96,174.96,174.885,67868,1716225600,,,,,,,,,,,97.43032523284657,21.056222770813882,33.39955470553868,13.723160715194611
230,2024-05-21 01:21:00,174.945,174.82,174.945,174.82,57712,1716225660,,,,,,,,,,,91.9989127438565,21.056222770813882,33.39955470553868,8.703032804761987
231,2024-05-21 01:22:00,174.8,174.83,174.88,174.8,136076,1716225720,,,,,,,,,,,87.0194522713681,21.056222770813882,33.39955470553868,-5.19736381338406
232,2024-05-21 01:23:00,174.849,174.86,174.88,174.83,65152,1716225780,,,,,,,,,,,82.38281285154127,21.056222770813882,33.39955470553868,-12.975071008873499
233,2024-05-21 01:24:00,174.84,174.81,174.865,174.81,59016,1716225840,,,,,,,,,,,76.40592432810374,21.056222770813882,33.39955470553868,-15.405672882692997
234,2024-05-21 01:25:00,174.82,174.719,174.83,174.705,88120,1716225900,,,,,,,,,,,69.13057921033271,26.9587885183591,33.39955470553868,-20.09444799343408
235,2024-05-21 01:26:00,174.71,174.676,174.781,174.676,70444,1716225960,,,,,,,,,,,60.89574923723208,26.9587885183591,33.39955470553868,-28.292142169022554
236,2024-05-21 01:27:00,174.67,174.53,174.67,174.53,143004,1716226020,,,,,,,,,,,50.232372466732244,26.9587885183591,33.39955470553868,-34.90369077496863
237,2024-05-21 01:28:00,174.55,174.24,174.55,174.17,242832,1716226080,,,,,,,,,,,39.27159591592189,26.9587885183591,33.39955470553868,-44.5969029597802
238,2024-05-21 01:29:00,174.213,174.17,174.27,174.165,117248,1716226140,,,,,,,,,,,28.41670633807729,26.9587885183591,33.39955470553868,-57.217538986236754
239,2024-05-21 01:30:00,174.31,174.246,174.31,174.246,66356,1716226200,,,,,,,,,,,20.18777323889293,27.98698699935747,32.26139085086153,-63.47303590159182
240,2024-05-21 01:31:00,174.23,174.27,174.27,174.14,107124,1716226260,,,,,,,,,,,13.781808977665179,27.98698699935747,32.26139085086153,-65.31963140693092
241,2024-05-21 01:32:00,174.2,174.13,174.2,174.13,74776,1716226320,,,,,,,,,,,5.934189241922866,27.98698699935747,32.26139085086153,-65.90552637636753
242,2024-05-21 01:33:00,174.141,174.145,174.17,174.138,47168,1716226380,,,,,,,,,,,-0.670075421807212,27.98698699935747,32.26139085086153,-67.88241364817696
243,2024-05-21 01:34:00,174.09,174.06,174.134,174.06,126828,1716226440,,,,,,,,,,,-6.67239789036762,27.98698699935747,32.26139085086153,-68.72315012901574
244,2024-05-21 01:35:00,174.09,174.09,174.1,174.089,67072,1716226500,,,,,,,,,,,-11.385556877252768,27.494658953962457,32.26139085086153,-70.01902564615986
245,2024-05-21 01:36:00,174.09,174.18,174.188,174.075,93468,1716226560,,,,,,,,,,,-13.971713010479277,27.494658953962457,32.26139085086153,-70.380034568555
246,2024-05-21 01:37:00,174.151,174.15,174.17,174.15,49968,1716226620,,,,,,,,,,,-16.603123817033918,27.494658953962457,32.26139085086153,-69.49090992422501
247,2024-05-21 01:38:00,174.15,174.21,174.21,174.126,42304,1716226680,,,,,,,,,,,-17.81593362959832,27.494658953962457,32.26139085086153,-69.04273342606388
248,2024-05-21 01:39:00,174.218,174.145,174.218,174.145,62632,1716226740,,,,,,,,,,,-19.78947732740231,27.494658953962457,32.26139085086153,-67.73182892268595
249,2024-05-21 01:40:00,174.15,174.12,174.21,174.12,71384,1716226800,,,,,,,,,,,-21.79358129418874,27.307111226120014,32.26139085086153,-67.54716530352025
250,2024-05-21 01:41:00,174.125,174.035,174.125,174.02,72768,1716226860,,,,,,,,,,,-24.15669803094822,27.307111226120014,32.26139085086153,-67.61292520584117
251,2024-05-21 01:42:00,174.01,174.117,174.128,174.01,109880,1716226920,,,,,,,,,,,-24.674869079773842,27.307111226120014,32.26139085086153,-68.7300364220112
252,2024-05-21 01:43:00,174.08,174.031,174.08,174.031,62616,1716226980,,,,,,,,,,,-26.314148528672433,27.307111226120014,32.26139085086153,-68.08822963773312
253,2024-05-21 01:44:00,173.94,174.217,174.217,173.94,122272,1716227040,,,,,,,,,,,-23.871753734440688,27.307111226120014,32.26139085086153,-68.91367447944407
254,2024-05-21 01:45:00,174.15,174.22,174.24,174.124,93636,1716227100,,,,,,,,,,,-21.499256389398084,28.016665391651863,32.26139085086153,-68.33292818032274
255,2024-05-21 01:46:00,174.24,174.32,174.32,174.24,110256,1716227160,,,,,,,,,,,-17.771183374618445,28.016665391651863,32.26139085086153,-68.3415751408314
256,2024-05-21 01:47:00,174.359,174.34,174.36,174.34,102780,1716227220,,,,,,,,,,,-14.020702887258125,28.016665391651863,32.26139085086153,-66.42319893770616
257,2024-05-21 01:48:00,174.341,174.41,174.415,174.341,61480,1716227280,,,,,,,,,,,-9.525491461846784,28.016665391651863,32.26139085086153,-65.02729957877662
258,2024-05-21 01:49:00,174.418,174.41,174.43,174.392,90608,1716227340,,,,,,,,,,,-5.406643564085371,28.016665391651863,32.26139085086153,-61.439935016064155
259,2024-05-21 01:50:00,174.389,174.335,174.399,174.335,75312,1716227400,,,,,,,,,,,-2.7365202102974564,29.659121760890756,32.26139085086153,-58.13817060706831
260,2024-05-21 01:51:00,174.35,174.395,174.4,174.35,51128,1716227460,,,,,,,,,,,0.6187102403642655,29.659121760890756,32.26139085086153,-58.7769560419498
261,2024-05-21 01:52:00,174.37,174.47,174.48,174.37,64392,1716227520,,,,,,,,,,,4.796858601103025,29.659121760890756,32.26139085086153,-56.04399353588352
262,2024-05-21 01:53:00,174.47,174.48,174.507,174.45,67520,1716227580,,,,,,,,,,,8.743375818657768,29.659121760890756,32.26139085086153,-48.722014364877516
263,2024-05-21 01:54:00,174.492,174.48,174.492,174.46,48320,1716227640,,,,,,,,,,,12.32698675359346,29.659121760890756,32.26139085086153,-40.93659128676179
264,2024-05-21 01:55:00,174.501,174.47,174.501,174.47,36648,1716227700,,,,,,,,,,,15.431530286728446,32.30924294275284,32.26139085086153,-34.6813075967582
265,2024-05-21 01:56:00,174.46,174.521,174.521,174.44,59640,1716227760,,,,,,,,,,,18.998288245258323,32.30924294275284,32.26139085086153,-30.89163859104903
266,2024-05-21 01:57:00,174.46,174.47,174.47,174.46,37516,1716227820,,,,,,,,,,,21.469782785821153,32.30924294275284,32.26139085086153,-20.51788266040132
267,2024-05-21 01:58:00,174.46,174.516,174.516,174.46,31540,1716227880,,,,,,,,,,,24.384743781765792,32.30924294275284,32.26139085086153,-20.79849389348193
268,2024-05-21 01:59:00,174.528,174.445,174.535,174.445,98944,1716227940,,,,,,,,,,,25.96878444792104,32.30924294275284,32.26139085086153,-13.32351069774371
269,2024-05-21 02:00:00,174.43,174.485,174.541,174.43,80792,1716228000,,,,,,,,,,,27.993926813576238,35.20062297602316,31.84050933970539,-19.749386890980215
270,2024-05-21 02:01:00,174.48,174.47,174.522,174.46,45208,1716228060,,,,,,,,,,,30.042861367091263,35.20062297602316,31.84050933970539,-17.132365427776815
271,2024-05-21 02:02:00,174.48,174.46,174.528,174.46,47524,1716228120,,,,,,,,,,,32.44532036934818,35.20062297602316,31.84050933970539,-17.589289533376135
272,2024-05-21 02:03:00,174.45,174.376,174.46,174.376,72156,1716228180,,,,,,,,,,,33.97302035569216,35.20062297602316,31.84050933970539,-19.202582875758296
273,2024-05-21 02:04:00,174.33,174.32,174.33,174.25,108616,1716228240,,,,,,,,,,,34.29356632740037,35.20062297602316,31.84050933970539,-31.924827771512305
274,2024-05-21 02:05:00,174.31,174.301,174.31,174.254,67972,1716228300,,,,,,,,,,,34.33092044385516,36.01904090448689,31.84050933970539,-43.96619271489911
275,2024-05-21 02:06:00,174.34,174.265,174.34,174.265,45000,1716228360,,,,,,,,,,,34.1133022110682,36.01904090448689,31.84050933970539,-50.934595957202156
276,2024-05-21 02:07:00,174.245,174.23,174.27,174.199,92476,1716228420,,,,,,,,,,,33.21419825226411,36.01904090448689,31.84050933970539,-56.404519915833596
277,2024-05-21 02:08:00,174.21,174.22,174.245,174.162,67632,1716228480,,,,,,,,,,,32.30947988156508,36.01904090448689,31.84050933970539,-60.677889313092585
278,2024-05-21 02:09:00,174.21,173.74,174.21,173.684,285440,1716228540,,,,,,,,,,,26.661197802271715,36.01904090448689,31.84050933970539,-63.155487594364935
279,2024-05-21 02:10:00,173.69,173.975,173.975,173.69,257672,1716228600,,,,,,,,,,,25.779847793481792,33.65159818489422,31.84050933970539,-70.790190405056
280,2024-05-21 02:11:00,174.035,174.0,174.07,174.0,107520,1716228660,,,,,,,,,,,26.070689628298524,33.65159818489422,31.84050933970539,-70.20593207112361
281,2024-05-21 02:12:00,174.01,174.001,174.032,173.99,66216,1716228720,,,,,,,,,,,27.22139256607582,33.65159818489422,31.84050933970539,-69.10061139276357
282,2024-05-21 02:13:00,174.046,173.921,174.046,173.921,128028,1716228780,,,,,,,,,,,26.554953364672684,33.65159818489422,31.84050933970539,-68.07103851116862
283,2024-05-21 02:14:00,174.06,174.08,174.08,174.06,103372,1716228840,,,,,,,,,,,29.52500019173594,33.65159818489422,31.84050933970539,-69.11142570363903
284,2024-05-21 02:15:00,174.06,173.834,174.06,173.834,122300,1716228900,,,,,,,,,,,26.70058313207622,30.18889557762239,31.84050933970539,-65.35086660293028
285,2024-05-21 02:16:00,173.761,173.959,174.02,173.761,171732,1716228960,,,,,,,,,,,26.986825154172152,30.18889557762239,31.84050933970539,-69.45228147345509
286,2024-05-21 02:17:00,173.965,173.955,173.99,173.95,43080,1716229020,,,,,,,,,,,27.169648625083155,30.18889557762239,31.84050933970539,-68.63169757897123
287,2024-05-21 02:18:00,173.96,173.84,173.96,173.828,135608,1716229080,,,,,,,,,,,24.784194639262495,30.18889557762239,31.84050933970539,-67.96532902157757
288,2024-05-21 02:19:00,173.87,173.89,173.95,173.787,88440,1716229140,,,,,,,,,,,23.791950211868794,30.18889557762239,31.84050933970539,-70.34284792983061
289,2024-05-21 02:20:00,173.86,173.845,173.86,173.79,77592,1716229200,,,,,,,,,,,21.925185102107648,27.18690980157225,31.84050933970539,-70.471927725781
290,2024-05-21 02:21:00,173.915,173.94,173.976,173.915,87496,1716229260,,,,,,,,,,,22.403576635107456,27.18690980157225,31.84050933970539,-71.45267851463721
291,2024-05-21 02:22:00,173.946,173.96,174.03,173.94,83160,1716229320,,,,,,,,,,,23.299500490441588,27.18690980157225,31.84050933970539,-69.68364030436814
292,2024-05-21 02:23:00,173.995,173.92,174.0,173.92,50824,1716229380,,,,,,,,,,,23.22753082835311,27.18690980157225,31.84050933970539,-67.43594581944876
293,2024-05-21 02:24:00,173.93,173.9,173.94,173.9,59996,1716229440,,,,,,,,,,,22.737994295226457,27.18690980157225,31.84050933970539,-66.92365694311034
294,2024-05-21 02:25:00,173.87,173.955,173.96,173.86,75004,1716229500,,,,,,,,,,,23.54901521236205,25.53356967663354,31.84050933970539,-67.1082631684147
295,2024-05-21 02:26:00,173.97,174.018,174.05,173.962,148664,1716229560,,,,,,,,,,,25.696285013767735,25.53356967663354,31.84050933970539,-64.79420134211368
296,2024-05-21 02:27:00,173.97,174.08,174.08,173.97,93340,1716229620,,,,,,,,,,,29.00840474318545,25.53356967663354,31.84050933970539,-58.969456086495164
297,2024-05-21 02:28:00,174.056,174.18,174.191,174.056,125540,1716229680,,,,,,,,,,,34.20007165528098,25.53356967663354,31.84050933970539,-46.61483584535387
298,2024-05-21 02:29:00,174.18,174.21,174.241,174.15,100080,1716229740,,,,,,,,,,,39.49681851460909,25.53356967663354,31.84050933970539,-11.128660090067497
299,2024-05-21 02:30:00,174.215,174.26,174.275,174.215,66220,1716229800,,,,,,,,,,,45.32311899425626,26.921361779946757,30.96267817720681,26.28493527091686
300,2024-05-21 02:31:00,174.25,174.27,174.27,174.19,64820,1716229860,,,,,,,,,,,50.718754576723796,26.921361779946757,30.96267817720681,48.78208148949415
301,2024-05-21 02:32:00,174.275,174.36,174.36,174.275,64616,1716229920,,,,,,,,,,,57.504439666240216,26.921361779946757,30.96267817720681,57.325988653114614
302,2024-05-21 02:33:00,174.35,174.395,174.395,174.319,95144,1716229980,,,,,,,,,,,64.29102745860254,26.921361779946757,30.96267817720681,65.25209640208817
303,2024-05-21 02:34:00,174.41,174.49,174.49,174.41,119536,1716230040,,,,,,,,,,,72.40439094428471,26.921361779946757,30.96267817720681,69.16543462938016
304,2024-05-21 02:35:00,174.48,174.35,174.48,174.35,98304,1716230100,,,,,,,,,,,76.44622850880016,29.026046145405367,30.96267817720681,72.75687618242331
305,2024-05-21 02:36:00,174.372,174.385,174.43,174.372,60984,1716230160,,,,,,,,,,,80.75324845722348,29.026046145405367,30.96267817720681,71.01097381525663
306,2024-05-21 02:37:00,174.36,174.33,174.36,174.305,76284,1716230220,,,,,,,,,,,83.28327942234115,29.026046145405367,30.96267817720681,71.02996068803404
307,2024-05-21 02:38:00,174.347,174.3,174.347,174.286,57204,1716230280,,,,,,,,,,,84.78308800944237,29.026046145405367,30.96267817720681,70.32091399908718
308,2024-05-21 02:39:00,174.272,174.4,174.4,174.272,75928,1716230340,,,,,,,,,,,88.26223615708118,29.026046145405367,30.96267817720681,70.01423996502332
309,2024-05-21 02:40:00,174.35,174.412,174.412,174.35,37964,1716230400,,,,,,,,,,,91.53960546224684,32.111891217312134,30.96267817720681,72.05308406729587
310,2024-05-21 02:41:00,174.436,174.521,174.542,174.436,106604,1716230460,,,,,,,,,,,96.77420719854288,32.111891217312134,30.96267817720681,73.05765389377075
311,2024-05-21 02:42:00,174.57,174.51,174.57,174.51,58704,1716230520,,,,,,,,,,,100.51113407699131,32.111891217312134,30.96267817720681,75.77523007865818
312,2024-05-21 02:43:00,174.505,174.51,174.525,174.505,51808,1716230580,,,,,,,,,,,103.73404307730041,32.111891217312134,30.96267817720681,76.44430090173267
313,2024-05-21 02:44:00,174.54,174.555,174.58,174.54,65328,1716230640,,,,,,,,,,,107.25583339571978,32.111891217312134,30.96267817720681,76.51147716395938
314,2024-05-21 02:45:00,174.587,174.59,174.61,174.582,99348,1716230700,,,,,,,,,,,110.3995222793645,38.20265442843608,30.96267817720681,76.99186065880545
315,2024-05-21 02:46:00,174.63,174.56,174.63,174.55,56388,1716230760,,,,,,,,,,,112.08083082920372,38.20265442843608,30.96267817720681,77.65516175200884
316,2024-05-21 02:47:00,174.573,174.57,174.63,174.57,52400,1716230820,,,,,,,,,,,113.66087799910048,38.20265442843608,30.96267817720681,78.26708594839081
317,2024-05-21 02:48:00,174.604,174.62,174.64,174.604,85288,1716230880,,,,,,,,,,,115.76067793828987,38.20265442843608,30.96267817720681,78.64218969553802
318,2024-05-21 02:49:00,174.64,174.55,174.64,174.55,63972,1716230940,,,,,,,,,,,116.11114239806014,38.20265442843608,30.96267817720681,78.81244784727879
319,2024-05-21 02:50:00,174.564,174.55,174.57,174.531,48720,1716231000,,,,,,,,,,,116.30298980150677,43.129608217083515,30.96267817720681,77.85162730551289
320,2024-05-21 02:51:00,174.54,174.605,174.605,174.54,50320,1716231060,,,,,,,,,,,117.45530007960016,43.129608217083515,30.96267817720681,76.79049104494584
321,2024-05-21 02:52:00,174.58,174.47,174.58,174.47,70544,1716231120,,,,,,,,,,,115.6664949833285,43.129608217083515,30.96267817720681,76.2988226700818
322,2024-05-21 02:53:00,174.52,174.53,174.53,174.49,47860,1716231180,,,,,,,,,,,115.15902723380242,43.129608217083515,30.96267817720681,73.69807114963866
323,2024-05-21 02:54:00,174.59,174.43,174.6,174.43,113136,1716231240,,,,,,,,,,,112.5728697955624,43.129608217083515,30.96267817720681,72.27312209913087
324,2024-05-21 02:55:00,174.49,174.558,174.565,174.49,64156,1716231300,,,,,,,,,,,112.60764165562091,47.578894059335305,30.96267817720681,68.5944697275883
325,2024-05-21 02:56:00,174.518,174.412,174.551,174.412,69340,1716231360,,,,,,,,,,,109.36612234389334,47.578894059335305,30.96267817720681,68.5604653615279
326,2024-05-21 02:57:00,174.45,174.6,174.6,174.45,59768,1716231420,,,,,,,,,,,110.47296226480353,47.578894059335305,30.96267817720681,63.790050230277075
327,2024-05-21 02:58:00,174.58,174.57,174.618,174.57,63948,1716231480,,,,,,,,,,,110.71811496409978,47.578894059335305,30.96267817720681,65.91864506793064
328,2024-05-21 02:59:00,174.584,174.61,174.61,174.553,55592,1716231540,,,,,,,,,,,111.71831551822541,47.578894059335305,30.96267817720681,65.7007313117789
329,2024-05-21 03:00:00,174.65,174.54,174.65,174.54,62048,1716231600,,,,,,,,,,,110.80990311955611,51.28626539434352,30.872031749375978,66.12553944050357
330,2024-05-21 03:01:00,174.54,174.59,174.6,174.54,53636,1716231660,,,,,,,,,,,110.9515439187019,51.28626539434352,30.872031749375978,63.52071779973721
331,2024-05-21 03:02:00,174.598,174.53,174.598,174.485,62024,1716231720,,,,,,,,,,,109.66665696359468,51.28626539434352,30.872031749375978,62.77808608149218
332,2024-05-21 03:03:00,174.51,174.47,174.51,174.45,58668,1716231780,,,,,,,,,,,107.11391647876363,51.28626539434352,30.872031749375978,59.520266607096424
333,2024-05-21 03:04:00,174.486,174.662,174.662,174.486,53972,1716231840,,,,,,,,,,,108.75197360532812,51.28626539434352,30.872031749375978,53.58081954525143
334,2024-05-21 03:05:00,174.675,174.71,174.78,174.675,155636,1716231900,,,,,,,,,,,108.68589942825196,56.55474603460516,30.872031749375978,57.696525866029035
335,2024-05-21 03:06:00,174.71,174.75,174.779,174.67,92316,1716231960,,,,,,,,,,,109.3868389302597,56.55474603460516,30.872031749375978,56.74498637530996
336,2024-05-21 03:07:00,174.69,174.66,174.71,174.66,64224,1716232020,,,,,,,,,,,108.07165786352621,56.55474603460516,30.872031749375978,57.0690934640145
337,2024-05-21 03:08:00,174.668,174.71,174.71,174.64,54600,1716232080,,,,,,,,,,,107.87079131672539,56.55474603460516,30.872031749375978,52.94668443176353
338,2024-05-21 03:09:00,174.744,174.73,174.744,174.685,64056,1716232140,,,,,,,,,,,108.04247545329264,56.55474603460516,30.872031749375978,51.76517775725752
339,2024-05-21 03:10:00,174.708,174.756,174.756,174.708,49384,1716232200,,,,,,,,,,,108.61006263411923,61.73649608876596,30.872031749375978,51.33825317140527
340,2024-05-21 03:11:00,174.762,174.7,174.805,174.7,78556,1716232260,,,,,,,,,,,107.21071083765992,61.73649608876596,30.872031749375978,51.674212425601475
341,2024-05-21 03:12:00,174.74,174.818,174.845,174.74,91936,1716232320,,,,,,,,,,,107.65298532947295,61.73649608876596,30.872031749375978,47.310880346756306
342,2024-05-21 03:13:00,174.835,174.8,174.86,174.8,116772,1716232380,,,,,,,,,,,107.02800208110452,61.73649608876596,30.872031749375978,47.932620796234865
343,2024-05-21 03:14:00,174.79,174.879,174.879,174.79,84284,1716232440,,,,,,,,,,,108.02980145312003,61.73649608876596,30.872031749375978,46.05099082557795
344,2024-05-21 03:15:00,174.89,174.888,174.89,174.86,59612,1716232500,,,,,,,,,,,108.8121888361259,67.85192222997668,30.872031749375978,47.30520588071296
345,2024-05-21 03:16:00,174.915,174.87,174.915,174.86,58920,1716232560,,,,,,,,,,,108.17042266839695,67.85192222997668,30.872031749375978,47.3496602119546
346,2024-05-21 03:17:00,174.86,174.915,174.915,174.86,48412,1716232620,,,,,,,,,,,108.8814364001241,67.85192222997668,30.872031749375978,44.67174650702959
347,2024-05-21 03:18:00,174.85,174.82,174.88,174.82,74668,1716232680,,,,,,,,,,,106.63776524046858,67.85192222997668,30.872031749375978,44.59540865946827
348,2024-05-21 03:19:00,174.84,174.895,174.895,174.84,55128,1716232740,,,,,,,,,,,106.81724703097402,67.85192222997668,30.872031749375978,38.71074665549059
349,2024-05-21 03:20:00,174.85,174.84,174.856,174.839,32456,1716232800,,,,,,,,,,,105.2947741866877,72.65590298964884,30.872031749375978,38.60977692567167
350,2024-05-21 03:21:00,174.84,174.849,174.849,174.811,34376,1716232860,,,,,,,,,,,104.16065462614301,72.65590298964884,30.872031749375978,34.532735348813624
351,2024-05-21 03:22:00,174.821,174.72,174.821,174.72,82824,1716232920,,,,,,,,,,,99.2744882470111,72.65590298964884,30.872031749375978,31.845926472730238
352,2024-05-21 03:23:00,174.682,174.83,174.83,174.682,116300,1716232980,,,,,,,,,,,98.15593098160934,72.65590298964884,30.872031749375978,19.466552910553286
353,2024-05-21 03:24:00,174.91,174.85,174.91,174.85,81968,1716233040,,,,,,,,,,,97.45871557208267,72.65590298964884,30.872031749375978,19.887867877172397
354,2024-05-21 03:25:00,174.86,174.838,174.88,174.838,49076,1716233100,,,,,,,,,,,96.08459294030826,76.82823828978832,30.872031749375978,21.45780334849562
355,2024-05-21 03:26:00,174.83,174.805,174.84,174.8,56568,1716233160,,,,,,,,,,,93.58313455930275,76.82823828978832,30.872031749375978,21.080959831309375
356,2024-05-21 03:27:00,174.815,174.86,174.86,174.78,38380,1716233220,,,,,,,,,,,93.42509527898576,76.82823828978832,30.872031749375978,17.721746738492573
357,2024-05-21 03:28:00,174.91,174.865,174.911,174.865,86004,1716233280,,,,,,,,,,,93.45802128302174,76.82823828978832,30.872031749375978,19.8976126151744
358,2024-05-21 03:29:00,174.9,174.889,174.905,174.86,48984,1716233340,,,,,,,,,,,94.38346174408244,76.82823828978832,30.872031749375978,21.293081634853117
359,2024-05-21 03:30:00,174.874,174.9,174.904,174.87,54876,1716233400,,,,,,,,,,,95.60954915665377,81.18999887050674,31.672007482203554,23.668605759924244
360,2024-05-21 03:31:00,174.922,174.86,174.922,174.86,88544,1716233460,,,,,,,,,,,94.930469132718,81.18999887050674,31.672007482203554,25.479559353459404
361,2024-05-21 03:32:00,174.89,174.87,174.93,174.87,50680,1716233520,,,,,,,,,,,94.41708505894181,81.18999887050674,31.672007482203554,22.368262305187585
362,2024-05-21 03:33:00,174.89,174.89,174.93,174.88,98904,1716233580,,,,,,,,,,,94.68108412970145,81.18999887050674,31.672007482203554,20.165773262056643
363,2024-05-21 03:34:00,174.89,174.94,174.97,174.89,98436,1716233640,,,,,,,,,,,95.34865862910036,81.18999887050674,31.672007482203554,20.11073170424372
364,2024-05-21 03:35:00,174.938,174.8,174.938,174.8,100724,1716233700,,,,,,,,,,,91.13206552942108,83.79388279887705,31.672007482203554,20.652102832620702
365,2024-05-21 03:36:00,174.83,174.68,174.83,174.65,137996,1716233760,,,,,,,,,,,83.25303688194066,83.79388279887705,31.672007482203554,8.622930063857362
366,2024-05-21 03:37:00,174.62,174.59,174.62,174.573,121172,1716233820,,,,,,,,,,,73.15053748171943,83.79388279887705,31.672007482203554,-11.038906161545054
367,2024-05-21 03:38:00,174.7,174.625,174.7,174.6,118988,1716233880,,,,,,,,,,,65.36552629638916,83.79388279887705,31.672007482203554,-29.20997006456492
368,2024-05-21 03:39:00,174.671,174.632,174.685,174.61,85312,1716233940,,,,,,,,,,,58.70280174847551,83.79388279887705,31.672007482203554,-35.96267535734691
369,2024-05-21 03:40:00,174.664,174.581,174.664,174.581,62488,1716234000,,,,,,,,,,,51.066441559451704,83.41650920048883,31.672007482203554,-39.0662469191616
370,2024-05-21 03:41:00,174.57,174.728,174.728,174.57,89208,1716234060,,,,,,,,,,,48.75093091272092,83.41650920048883,31.672007482203554,-44.49329575758821
371,2024-05-21 03:42:00,174.74,174.7,174.78,174.7,114520,1716234120,,,,,,,,,,,45.725740064947445,83.41650920048883,31.672007482203554,-39.150095325391625
372,2024-05-21 03:43:00,174.76,174.76,174.78,174.75,64412,1716234180,,,,,,,,,,,45.306040611623956,83.41650920048883,31.672007482203554,-36.648346403952786
373,2024-05-21 03:44:00,174.75,174.74,174.76,174.723,98924,1716234240,,,,,,,,,,,44.268990103925745,83.41650920048883,31.672007482203554,-30.005996558220414
374,2024-05-21 03:45:00,174.782,174.85,174.89,174.782,122424,1716234300,,,,,,,,,,,47.459451107355534,86.16892343818076,31.672007482203554,-26.48422560783975
375,2024-05-21 03:46:00,174.9,174.793,174.9,174.78,93292,1716234360,,,,,,,,,,,48.27477479020848,86.16892343818076,31.672007482203554,-14.473908752255129
376,2024-05-21 03:47:00,174.8,174.78,174.8,174.75,93276,1716234420,,,,,,,,,,,48.58584237025502,86.16892343818076,31.672007482203554,-12.41742306034814
377,2024-05-21 03:48:00,174.79,174.68,174.83,174.68,81992,1716234480,,,,,,,,,,,44.45496462333321,86.16892343818076,31.672007482203554,-14.369419210515606
378,2024-05-21 03:49:00,174.661,174.67,174.741,174.66,106568,1716234540,,,,,,,,,,,37.95461761266489,86.16892343818076,31.672007482203554,-29.98402623695053
379,2024-05-21 03:50:00,174.66,174.62,174.69,174.62,83932,1716234600,,,,,,,,,,,29.845628138427287,85.79375519623137,31.672007482203554,-39.964430558259174
380,2024-05-21 03:51:00,174.649,174.52,174.649,174.472,194420,1716234660,,,,,,,,,,,22.157851543921566,85.79375519623137,31.672007482203554,-48.47248500001615
381,2024-05-21 03:52:00,174.55,174.485,174.55,174.485,118880,1716234720,,,,,,,,,,,14.06215223195926,85.79375519623137,31.672007482203554,-59.82986870034607
382,2024-05-21 03:53:00,174.54,174.565,174.63,174.54,147000,1716234780,,,,,,,,,,,10.029060127955745,85.79375519623137,31.672007482203554,-65.55259862285723
383,2024-05-21 03:54:00,174.625,174.61,174.685,174.58,124444,1716234840,,,,,,,,,,,8.281121475289751,85.79375519623137,31.672007482203554,-66.00228300529356
384,2024-05-21 03:55:00,174.62,174.81,174.81,174.62,204268,1716234900,,,,,,,,,,,14.51997203750173,87.61169098405395,31.672007482203554,-64.64058380995826
385,2024-05-21 03:56:00,174.735,174.84,174.84,174.735,169568,1716234960,,,,,,,,,,,21.343093676071277,87.61169098405395,31.672007482203554,-53.13966027705531
386,2024-05-21 03:57:00,174.835,174.86,174.86,174.79,146052,1716235020,,,,,,,,,,,28.287871866583174,87.61169098405395,31.672007482203554,-35.050910223200965
387,2024-05-21 03:58:00,174.885,174.91,174.91,174.82,214088,1716235080,,,,,,,,,,,36.47688167854085,87.61169098405395,31.672007482203554,-12.017156555400712
388,2024-05-21 03:59:00,174.93,174.92,174.93,174.895,168236,1716235140,,,,,,,,,,,44.22295381285244,87.61169098405395,31.672007482203554,15.228477577225357
389,2024-05-21 04:00:00,174.9,174.95,175.09,174.6,3148520,1716235200,,,,,,,,,,,48.76332669790892,90.79159283728738,32.531278485729345,30.33147989063049
